"UAL_promoter","Plate","Well","Reports_genes"
"aaeR","AZ07","H6","aaeR"
"abrB","AZ07","B10","abrB"
"accB","AZ18","B8","accB,accC"
"aceB","AZ13","E3","aceB,aceA,aceK"
"aceK","AZ18","A10","aceK"
"ackA","AZ03","F5","ackA,pta"
"acnB","AZ02","H10","acnB"
"acpP","AZ07","F2","acpP"
"ada","AZ12","F1","ada,alkB"
"add","AZ05","A8","add"
"adhE","AZ04","B3","adhE"
"adiA","AZ02","D6","adiA"
"adk","AZ05","G6","adk"
"adrA","AZ11","G5","dgcC"
"aegA","AZ04","B6","aegA"
"aer","AZ01","D4","aer"
"aes","AZ05","E10","aes"
"agaR","AZ08","E5","agaR"
"agn43","AZ18","E10","isrC,flu"
"ahpC","AZ13","D11","ahpC,ahpF"
"ahpF","AZ13","F8","ahpF"
"aidB","AZ12","H6","aidB"
"ais","AZ12","A4","ais"
"alaS","AZ10","B11","alaS"
"aldA","AZ03","G6","aldA"
"aldB","AZ12","B12","aldB"
"aldH","AZ03","G5","puuC"
"allA","AZ13","D8","allA"
"allD","AZ13","H7","allD,allC,allE"
"allR","AZ07","D6","allR"
"allS","AZ13","H5","allS"
"alsA","AZ14","D7","alsA"
"alsB","AZ15","A4","alsB"
"alsI","AZ02","A1","rpiB"
"alsR","AZ02","B3","rpiR,alsB,alsA,alsC,alsE"
"amiA","AZ18","E1","amiA,hemF"
"amiC","AZ01","D1","amiC"
"amn","AZ05","A9","amn"
"ampD","AZ18","B2","ampD,ampE"
"ampH","AZ14","G4","ampH"
"amyA","AZ04","E7","amyA"
"aniC","AZ03","B11","adiC"
"ansA","AZ02","F1","ansA,pncA"
"ansB","AZ02","D1","ansB"
"apbE","AZ04","F4","ftp"
"aphA","AZ18","A11","aphA"
"appA","AZ06","F11","appA"
"apt","AZ05","A7","apt"
"aqpZ","AZ21","A7","aqpZ"
"araB","AZ20","E1","araB,araA,araD"
"araC","AZ20","F6","araC"
"araD","AZ20","E4","araD"
"araE","AZ20","D2","araE,ygeA"
"araF","AZ21","A10","araF,araG,araH"
"araJ","AZ15","H11","araJ"
"arcB","AZ20","G6","arcB"
"argA","AZ01","B7","argA"
"argC","AZ01","C6","argC,argB,argH"
"argD","AZ01","F5","argD"
"argE","AZ01","D10","argE"
"argF","AZ01","E6","argF"
"argG","AZ01","B11","argG"
"argI","AZ01","E1","argI"
"argP","AZ09","G4","argP"
"argU","AZ20","C11","argU"
"argW","AZ08","B7","argW"
"aroF","AZ01","F2","aroF,tyrA"
"aroH","AZ01","A11","aroH"
"aroK","AZ01","F6","aroK,aroB,damX,dam,rpe,gph,trpS"
"aroL","AZ01","A8","aroL,yaiA,aroM"
"aroP","AZ02","C1","aroP"
"arpA","AZ05","G2","arpA"
"artP","AZ14","C7","artP,artI,artQ,artM"
"ascG","AZ12","A2","ascG"
"asd","AZ18","C9","asd"
"asnA","AZ01","B12","asnA"
"asnC","AZ01","D5","asnC,mioC,mnmG,rsmG"
"asnS","AZ10","B6","asnS"
"asnV","AZ08","A10","asnV"
"aspA","AZ05","F4","aspA,dcuA"
"aspC","AZ01","E7","aspC"
"aspU","AZ08","B12","aspU"
"asr","AZ06","E6","asr"
"astC","AZ13","B2","astC,astA,astD,astB,astE"
"atoS","AZ18","D12","atoS,atoC"
"atpI","AZ02","D5","atpI,atpB,atpE,atpF,atpH,atpA,atpG,atpD,atpC"
"b0165","AZ12","A11","yaeI"
"b0255","AZ14","A3","insN-1,insI-1,insO-1,insN"
"b0259","AZ17","D8","insH-1"
"b0298","AZ11","F7","insE1"
"b0360","AZ02","C4","insC-1,insCD-1,insD-1,insC1"
"b0373","AZ13","G12","insE-2,insEF-2,insF-2,insE1"
"b0374","AZ13","D4","yaiU"
"b0540","AZ14","A5","insE-3,insEF-3,insF-3,ybcD,peaD,insE1,renD"
"b0582","AZ03","G12","hokE,insL-2,sokE"
"b0656","AZ14","G3","insH-3"
"b0671","AZ08","A3","glnU"
"b0725","AZ12","H9","sucA"
"b1027","AZ16","C5","insE-4,insEF-4,insF-4,insE1"
"b1172","AZ16","C11","ymgG,ymgD,ymgI"
"b1240","AZ15","D10","ychG_1,ychG_2,insZ"
"b1331","AZ05","B11","insH-4"
"b1403","AZ16","A11","insC-2,insCD-2,insD-2,insC1"
"b1420","AZ12","A5","hokB,mokB"
"b1966","AZ05","A5","yedS_3"
"b2192","AZ04","B4","insH-8"
"b2394","AZ05","C8","insL-3"
"b2641","AZ19","D2","ypjM_1,ypjM_2"
"b2680","AZ11","A7","ygaX,ygaY"
"b2861","AZ18","G5","insC-4,insCD-4,insD-4,ygeO,ygeN,ygeM,insC1"
"b2974","AZ04","D1","yghJ"
"b3007","AZ01","D3","exbB,exbD"
"b3044","AZ02","E3","insC-5,insCD-5,insD-5,yqiG,yqiH,yqiI,insC1"
"b3218","AZ18","A2","insH-10"
"b3505","AZ19","B8","insH-11"
"b4283","AZ02","G10","insN-2"
"b4285","AZ06","F9","insO-2,yjhW,yjhV"
"bacA","AZ13","F2","bacA"
"barA","AZ05","H11","barA"
"bax","AZ04","G8","bax"
"bcsE","AZ18","D1","bcsE,bcsF,bcsG"
"betT","AZ15","E2","betT"
"bfd","AZ09","C6","bfd,bfr"
"bglA","AZ03","D9","bglA"
"bioB","AZ07","F12","bioB,bioF,bioC,bioD"
"bisC","AZ07","H3","bisC"
"blc","AZ09","B5","blc"
"bolA","AZ18","D9","bolA"
"borD","AZ13","H10","borD"
"brnQ","AZ12","G8","brnQ,proY"
"btuB","AZ10","A6","btuB,murI"
"btuC","AZ14","C11","btuC,btuE,btuD"
"cadA","AZ02","D7","cadA"
"cadB","AZ17","A9","cadB,cadA"
"caiC","AZ02","C7","caiC"
"cbdA","AZ03","G3","appC,appB,appX,appA"
"cbpA","AZ13","H9","cbpA,cbpM"
"cca","AZ10","C8","cca"
"cdaR","AZ11","G4","cdaR"
"cdd","AZ05","A10","cdd"
"chaB","AZ20","C9","chaB,chaC"
"chaC","AZ16","E7","chaC"
"chbA","AZ17","A6","chbA"
"chiA","AZ04","D3","chiA"
"cirA","AZ18","H8","cirA"
"citC","AZ06","H7","citC,citD,citE,citF,citX,citG"
"citT","AZ03","A10","citT"
"cld","AZ18","H6","wzzB"
"clpB","AZ04","D12","clpB"
"clpP","AZ20","H10","clpP,clpX,lon"
"clpS","AZ15","G1","clpS"
"clpX","AZ20","A8","clpX"
"cls","AZ09","A1","clsA,yciU"
"cmk","AZ09","H3","cmk,rpsA,ihfB"
"cmr","AZ16","E3","mdfA"
"coaE","AZ06","A1","coaE,zapD,yacG"
"cobU","AZ07","B2","cobU,cobS,cobT,yeeH"
"codB","AZ16","H7","codB,codA"
"corA","AZ16","H5","corA"
"cpdA","AZ12","B2","cpdA"
"cpdB","AZ05","F5","cpdB"
"cpsG","AZ06","B2","cpsG"
"crcA","AZ15","E5","pagP"
"crcB","AZ11","D7","crcB"
"creA","AZ12","E5","creA,creB,creC,creD"
"creB","AZ11","B4","creB"
"crl","AZ05","H3","crl"
"crp","AZ02","A6","crp"
"csdA","AZ19","E4","csdA,csdE"
"csgC","AZ07","E1","csgC"
"csiD","AZ17","C8","csiD,lhgO,gabD,gabT,gabP"
"csiE","AZ05","C12","csiE"
"cspA","AZ11","A6","cspA"
"cspB","AZ11","D8","cspB"
"cspD","AZ16","B11","cspD"
"cspG","AZ02","G1","cspG"
"cspI","AZ17","F12","cspI"
"cueO","AZ01","B6","cueO"
"cueR","AZ07","D5","cueR"
"cusC","AZ14","A6","cusC,cusF,cusB,cusA"
"cusR","AZ14","F8","cusR,cusS"
"cutA","AZ11","C9","cutA"
"cvpA","AZ15","A7","cvpA,purF,ubiX"
"cvrA","AZ21","A5","cvrA"
"cyaA","AZ20","C7","cyaA"
"cybC","AZ03","G9","cybC"
"cydD","AZ14","C8","cydD,cydC"
"cynR","AZ20","B11","cynR"
"cynT","AZ20","B7","cynT,cynS,cynX"
"cyoA","AZ02","C9","cyoA,cyoB,cyoC,cyoD,cyoE"
"cysB","AZ01","A10","cysB"
"cysD","AZ09","F2","cysD,cysN,cysC"
"cysH","AZ02","C12","cysH"
"cysJ","AZ02","G8","cysJ,cysI,cysH"
"cysK","AZ01","B2","cysK"
"cysP","AZ01","E10","cysP,cysU,cysW,cysA,cysM"
"cysQ","AZ05","E5","cysQ"
"cysS","AZ09","H12","cysS"
"cysT","AZ08","D10","cysT,leuZ"
"cysW","AZ14","D3","cysW"
"cysZ","AZ16","H6","cysZ"
"cytR","AZ12","C2","cytR"
"dacA","AZ11","B10","dacA"
"dacB","AZ08","G12","dacB"
"dam","AZ12","F4","dam"
"dapA","AZ01","E11","dapA,bamC"
"dapF","AZ01","B4","yifL,dapF,yigA,xerC,yigB"
"dcd","AZ17","E5","dcd"
"dcm","AZ12","E11","dcm,vsr"
"dcp","AZ04","G5","dcp"
"dctA","AZ15","A2","dctA"
"dcuA","AZ15","A5","dcuA"
"dcuS","AZ04","B11","dcuS,dcuR"
"ddlA","AZ19","B1","ddlA"
"deaD","AZ08","E2","yrbN,deaD"
"dedA","AZ10","H10","dedA"
"def","AZ08","H2","def,fmt"
"degQ","AZ04","E8","degQ,degS"
"deoA","AZ05","B3","deoA"
"deoB","AZ05","B4","deoB"
"deoC","AZ05","E6","deoC,deoA,deoB,deoD"
"deoD","AZ05","B5","deoD"
"deoR","AZ04","B12","deoR"
"der","AZ06","C11","der"
"dfp","AZ09","G5","dfp"
"dgkA","AZ08","H7","dgkA"
"dgoR","AZ19","H7","dgoR,dgoK,dgoA,dgoD,dgoT"
"dgt","AZ18","B3","dgt"
"dhaM","AZ11","E6","dhaM"
"dhaR","AZ03","D6","dhaR"
"dicB","AZ11","A4","dicF"
"dinB","AZ12","G7","dinB,yafN,yafO,yafP"
"dinG","AZ12","D8","dinG"
"dinJ","AZ13","A3","dinJ,yafQ"
"dkgA","AZ16","A8","dkgA"
"dkgB","AZ10","C11","dkgB"
"dksA","AZ10","B4","dksA"
"dmsA","AZ03","G2","dmsA,dmsB,dmsC"
"dnaJ","AZ20","F8","dnaJ"
"dnaK","AZ20","E8","dnaK,tpke11,dnaJ"
"dnaQ","AZ12","C11","dnaQ"
"dnaX","AZ10","C6","dnaX"
"dpbA","AZ12","A8","yihG"
"dpiB","AZ06","G6","dpiB,dpiA"
"dppA","AZ15","A3","dppA,dppB,dppC,dppD,dppF"
"dppB","AZ14","D5","dppB"
"dps","AZ02","B12","dps"
"dsbG","AZ13","H8","dsbG"
"dsdC","AZ20","H3","dsdC"
"dsdX","AZ20","D9","dsdX,dsdA"
"dsrA","AZ19","B4","dsrA"
"dusA","AZ18","F11","dusA"
"dusB","AZ18","A4","dusB,fis"
"dusC","AZ10","E1","dusC"
"dxr","AZ08","C4","dxr"
"ecfD","AZ08","G10","bamD"
"ecfE","AZ11","F1","rseP"
"ecfG","AZ08","G5","ygiM,cca"
"ecfI","AZ04","H12","yidQ"
"ecfK","AZ11","F4","bamA,skp,lpxD,fabZ,lpxA,lpxB,rnhB,dnaE"
"eco","AZ11","H7","eco"
"ecpD","AZ12","E7","yadV,htrE"
"edd","AZ01","G3","edd,eda"
"efp","AZ08","H8","efp"
"ego","AZ17","C11","lsrA,lsrC,lsrD,lsrB,lsrF,lsrG,tam"
"elaA","AZ10","E4","elaA"
"elaB","AZ10","H5","elaB"
"elaD","AZ05","C4","elaD"
"emrA","AZ13","G2","emrA"
"emrE","AZ13","F7","emrE"
"emrR","AZ02","D8","mprA,emrA,emrB"
"eno","AZ01","H2","eno"
"entC","AZ15","E3","entC,entE,entB,entA,entH"
"entD","AZ07","A4","entD"
"entS","AZ14","B6","entS"
"envY","AZ11","E5","envY,ompT"
"erfK","AZ04","E12","ldtA"
"eutB","AZ02","G7","eutB,eutC,eutL,eutK,eutR"
"eutN","AZ06","C9","eutN,eutE,eutJ,eutG"
"eutR","AZ12","B9","eutR"
"eutS","AZ10","D1","eutS,eutP,eutQ,eutT,eutD,eutM"
"evgA","AZ13","E5","evgA,evgS"
"exuR","AZ02","F8","exuR"
"fabF","AZ05","G8","fabF"
"fabR","AZ19","G12","fabR,yijD"
"fabZ","AZ05","H2","fabZ"
"fadB","AZ04","G10","fadB,fadA"
"fadE","AZ18","H12","fadE"
"fadI","AZ06","C2","fadI,fadJ"
"fadL","AZ16","G10","fadL"
"fdhD","AZ03","F9","fdhD"
"fdhF","AZ04","A5","fdhF"
"fdnG","AZ03","F2","fdnG,fdnH,fdnI"
"fdoG","AZ04","B9","fdoG,fdoH,fdoI,fdhE"
"fdrA","AZ13","D10","fdrA,ylbE,ylbF,ybcF"
"feaB","AZ03","D7","feaB"
"feaR","AZ03","D12","feaR"
"fecA","AZ17","A3","fecA,fecB,fecC,fecD,fecE"
"fecI","AZ18","B5","fecI,fecR"
"fepA","AZ16","G2","fepA,entD"
"fepB","AZ15","E9","fepB"
"fepD","AZ14","G7","fepD,fepG,fepC"
"fes","AZ16","E2","fes,ybdZ,entF,fepE"
"fhlA","AZ03","G7","fhlA"
"fhuA","AZ18","E6","fhuA,fhuC,fhuD,fhuB"
"fhuC","AZ14","E1","fhuC"
"fimD","AZ18","F2","fimD"
"fiu","AZ07","C4","fiu"
"fixC","AZ02","F6","fixC"
"fklB","AZ08","H9","fklB"
"fkpA","AZ09","E11","fkpA"
"fkpB","AZ09","D1","fkpB"
"fldA","AZ03","H10","fldA,uof,fur"
"fldB","AZ09","G3","fldB"
"flgA","AZ01","G10","flgA,flgM,flgN"
"flgB","AZ20","B8","flgB,flgC,flgD,flgE,flgF,flgG,flgH,flgI,flgJ"
"flgH","AZ05","G7","flgH"
"flgM","AZ20","B2","flgM"
"fliA","AZ20","G3","fliA,fliZ,tcyJ"
"fliC","AZ01","H10","fliC"
"fliE","AZ20","A10","fliE"
"fliF","AZ20","A6","fliF,fliG,fliH,fliI,fliJ,fliK"
"fliL","AZ20","D10","fliL,fliM,fliN,fliO,fliP,fliQ,fliR"
"flk","AZ04","H8","flk"
"focA","AZ16","A1","focA,pflB"
"folA","AZ07","E11","folA"
"folB","AZ05","F1","folB"
"folC","AZ07","A11","folC,dedD"
"folD","AZ07","G9","folD,ybcJ"
"folE","AZ07","H2","folE,yeiB"
"folX","AZ06","F1","folX,yfcH"
"fpr","AZ04","C8","fpr"
"frdA","AZ02","B5","frdA,frdB,frdC,frdD"
"frlA","AZ17","B5","frlA,frlB,frlC,frlD,frlR"
"frr","AZ09","D3","frr"
"fruB","AZ02","B8","fruB,fruK,fruA"
"fruL","AZ01","F8","cra"
"fryB","AZ06","C7","fryB,fryC,ypdF,ypdE,fryA"
"fsaA","AZ03","E12","fsaA"
"fsr","AZ16","D1","fsr"
"ftsH","AZ04","E1","ftsH"
"ftsJ","AZ11","E1","rlmE,ftsH"
"ftsK","AZ12","G9","ftsK"
"ftsN","AZ11","C8","ftsN"
"ftsQ","AZ15","G5","ftsQ"
"ftsY","AZ11","E2","ftsY,ftsE,ftsX"
"ftsZ","AZ20","A5","ftsZ"
"fucR","AZ03","D5","fucR"
"fumB","AZ02","H11","fumB"
"fxsA","AZ05","E4","fxsA"
"gadB","AZ06","A9","gadB,gadC"
"gadW","AZ02","D11","gadW"
"gadX","AZ12","F5","gadX"
"galE","AZ03","A11","galE,galT,galK,galM"
"galP","AZ20","H6","galP"
"galR","AZ03","D8","galR"
"galS","AZ03","B4","galS"
"galU","AZ03","D2","galU"
"garD","AZ20","C12","garD"
"gatY","AZ03","B3","gatY,gatZ,gatA,gatB,gatC,gatD"
"gcl","AZ06","F8","gcl,hyi,glxR,ybbW,allB,ybbY,glxK"
"gcvA","AZ06","B4","gcvA"
"gcvP","AZ06","B5","gcvP"
"gcvT","AZ04","C5","gcvT,gcvH,gcvP"
"ggt","AZ18","C7","ggt"
"ghrA","AZ08","A7","ghrA"
"glcB","AZ01","H4","glcB"
"glcC","AZ03","D10","glcC"
"glgB","AZ09","A11","glgB,glgX,glgC,glgA,glgP"
"glgS","AZ09","E8","glgS"
"glmU","AZ04","C7","glmU,glmS"
"glnA","AZ20","E2","glnA,glnL,glnG"
"glnB","AZ01","F1","glnB"
"glnH","AZ16","F4","glnH,glnP,glnQ"
"glnK","AZ06","F7","glnK,amtB"
"glnL","AZ01","F7","glnL"
"glnU","AZ08","F1","glnW"
"gloA","AZ06","G1","gloA"
"glpA","AZ16","G9","glpA,glpB,glpC"
"glpD","AZ03","F8","glpD"
"glpE","AZ04","B8","glpE,glpG,glpR"
"glpX","AZ02","E8","glpX"
"gltA","AZ02","C5","gltA"
"gltB","AZ20","F7","gltB,gltD,gltF"
"gltJ","AZ14","C4","gltJ"
"glxK","AZ01","G9","glxK"
"glyA","AZ01","E12","glyA"
"glyQ","AZ10","F4","glyQ,glyS,ysaB"
"glyU","AZ08","E1","glyU"
"gmk","AZ20","E9","gmk"
"gmr","AZ16","B2","pdeR"
"gnd","AZ01","G11","gnd"
"gntK","AZ17","E8","gntK"
"gntP","AZ16","D9","gntP"
"gntR","AZ01","H6","gntR,gntK,gntU"
"gntT","AZ16","H9","gntT"
"gpp","AZ20","E5","gpp"
"gpt","AZ10","G5","gpt"
"greA","AZ09","E9","greA"
"greB","AZ20","D11","greB"
"grpE","AZ17","G1","grpE"
"grxA","AZ18","C1","grxA"
"grxB","AZ17","E3","grxB"
"grxC","AZ17","E9","grxC"
"gshA","AZ17","E7","gshA"
"gsk","AZ05","D11","gsk"
"gst","AZ18","A7","gstA"
"guaA","AZ05","F11","guaA"
"guaB","AZ04","G6","guaB,guaA"
"guaC","AZ05","H10","guaC"
"gudP","AZ21","A4","gudP,gudX,gudD"
"gutM","AZ03","D3","srlM"
"gyrB","AZ20","A11","gyrB"
"hcaR","AZ03","E2","hcaR"
"hcaT","AZ16","F5","hcaT"
"hcp","AZ07","C7","hcp,hcr"
"hda","AZ10","D6","hda"
"hdeA","AZ19","A2","hdeA,hdeB,yhiD"
"hdeB","AZ02","D10","hdeB"
"hdeD","AZ18","C11","hdeD"
"hdfR","AZ09","F1","hdfR"
"hdhA","AZ06","A10","hdhA"
"helD","AZ10","A3","helD"
"hemA","AZ07","G3","hemA,prfA,prmC"
"hemB","AZ07","A3","hemB"
"hemC","AZ20","G1","hemC,hemD,hemX,hemY"
"hemG","AZ07","E7","hemG"
"hemH","AZ07","E12","hemH"
"hemL","AZ07","G8","hemL"
"hemN","AZ07","F7","hemN"
"hepA","AZ08","D6","rapA,rluA"
"hfq","AZ02","E12","hfq"
"hipB","AZ18","H4","hipB,hipA"
"hisJ","AZ14","H11","hisJ"
"hisL","AZ01","B1","hisL,hisG,hisD,hisC,hisB,hisH,hisA,hisF,hisI"
"hisQ","AZ14","D2","hisQ"
"hisS","AZ10","B10","hisS"
"hlyE","AZ20","F4","hlyE"
"hofM","AZ19","B7","hofM,hofN,hofO,hofP"
"hrpA","AZ09","G2","hrpA"
"hrpB","AZ10","A1","hrpB"
"hscB","AZ13","E12","hscB,hscA,fdx,iscX"
"hscC","AZ07","B9","hscC"
"hsdM","AZ09","H2","hsdM"
"hsdR","AZ04","G12","hsdR,hsdM,hsdS"
"hslJ","AZ11","C2","hslJ"
"hslV","AZ04","E2","hslV,hslU"
"htpG","AZ20","B9","htpG"
"htpX","AZ11","B11","htpX"
"htrA","AZ04","E10","degP"
"htrL","AZ19","B9","htrL"
"hupA","AZ10","C9","hupA"
"hupB","AZ10","C5","hupB"
"hyaA","AZ08","A6","hyaA,hyaB,hyaC,hyaD,hyaE,hyaF"
"hybO","AZ04","D2","hybO,hybA,hybB,hybC,hybD,hybE,hybF,hybG"
"hycB","AZ04","A4","hycB"
"hydN","AZ04","A3","hydN,hypF"
"hyfR","AZ05","C9","hyfR"
"iaaA","AZ07","G2","iaaA,gsiA,gsiB,gsiC,gsiD"
"iap","AZ08","H6","iap"
"ibpB","AZ11","C7","ibpB"
"icd","AZ01","H11","icd"
"idi","AZ11","B2","idi"
"idnK","AZ02","G4","idnK"
"idnR","AZ02","D9","idnR"
"idnT","AZ16","A6","idnT"
"ihfB","AZ20","B6","ihfB"
"ileV","AZ08","C2","ileT"
"ileX","AZ12","E4","ileX"
"ilvC","AZ01","C2","ilvC"
"ilvD","AZ12","H3","ilvD"
"ilvI","AZ01","A4","ilvI,ilvH"
"ilvL","AZ01","C1","ilvL,ilvX,ilvG_1,ilvG_2,ilvM,ilvE,ilvD,ilvA"
"ilvY","AZ01","D7","ilvY"
"imp","AZ11","D6","lptD,surA,pdxA,rsmA,apaG,apaH"
"inaA","AZ11","D10","inaA"
"infA","AZ08","H12","infA"
"insA_1","AZ13","G3","insA-1,insAB-1,insB-1"
"insA_2","AZ13","H2","insA-2,insAB-2,insB-2,afuB,afuC"
"insA_3","AZ12","A1","insA-3,insAB-3,insB-3"
"insA_7","AZ06","H6","insA"
"insB_4","AZ04","A2","insA-4,insAB-4,insB-4"
"intA","AZ02","D3","intA"
"intB","AZ02","F11","intB"
"intF","AZ07","A8","intF"
"intS","AZ05","C7","intS"
"intZ","AZ02","G2","intZ"
"iscR","AZ10","D9","iscR,iscS,iscU,iscA"
"iscS","AZ10","D8","iscS"
"ispB","AZ07","G5","ispB"
"katE","AZ13","E4","katE"
"katG","AZ20","D12","katG"
"kbaZ","AZ07","H7","kbaZ,agaV,agaW,agaA"
"kbl","AZ04","C6","kbl,tdh"
"kch","AZ17","F1","kch"
"kdgR","AZ16","D5","kdgR"
"kdsB","AZ14","B5","kdsB"
"kdtA","AZ08","H4","waaA,coaD"
"kefF","AZ18","A3","kefF,kefC"
"kefG","AZ14","H2","kefG,kefB,yheV"
"kil","AZ15","F12","kilR,ydaE"
"lacA","AZ21","A9","lacA"
"lacI","AZ20","H2","lacI"
"lacY","AZ15","H10","lacY"
"lacZ","AZ01","H1","lacZ,lacY,lacA"
"lacZ","AZ02","C8","lacZ,lacY,lacA"
"lacZ","AZ02","H1","lacZ,lacY,lacA"
"lacZ","AZ03","H1","lacZ,lacY,lacA"
"lacZ","AZ04","H1","lacZ,lacY,lacA"
"lacZ","AZ05","H1","lacZ,lacY,lacA"
"lacZ","AZ06","H1","lacZ,lacY,lacA"
"lacZ","AZ07","H1","lacZ,lacY,lacA"
"lacZ","AZ08","H1","lacZ,lacY,lacA"
"lacZ","AZ09","H1","lacZ,lacY,lacA"
"lacZ","AZ10","H1","lacZ,lacY,lacA"
"lacZ","AZ11","H1","lacZ,lacY,lacA"
"lacZ","AZ12","H1","lacZ,lacY,lacA"
"lacZ","AZ13","H1","lacZ,lacY,lacA"
"lacZ","AZ14","H1","lacZ,lacY,lacA"
"lacZ","AZ15","H1","lacZ,lacY,lacA"
"lacZ","AZ16","H1","lacZ,lacY,lacA"
"lacZ","AZ17","H1","lacZ,lacY,lacA"
"lacZ","AZ18","H1","lacZ,lacY,lacA"
"lacZ","AZ19","H1","lacZ,lacY,lacA"
"lacZ","AZ20","C1","lacZ,lacY,lacA"
"lacZ","AZ20","H1","lacZ,lacY,lacA"
"lctP","AZ16","H11","lldP,lldR,lldD"
"ldhA","AZ13","A9","ldhA"
"lepA","AZ09","A5","lepA,lepB"
"leuA","AZ20","F1","leuA"
"leuS","AZ02","B1","leuS,lptE,holA,nadD,cobC"
"lexA","AZ20","F11","lexA,dinF"
"lgt","AZ09","A7","lgt,thyA"
"ligA","AZ09","G11","ligA,ypeB"
"ligB","AZ20","E3","ligB"
"ligT","AZ10","E6","thpR"
"lipA","AZ07","A5","lipA"
"lipB","AZ07","A6","lipB"
"lit","AZ12","D2","lit"
"lolA","AZ13","F11","lolA,rarA"
"lolB","AZ07","G12","lolB,ispE,prs"
"lolC","AZ14","B7","lolC,lolD,lolE"
"lon","AZ20","G9","lon"
"lpd","AZ01","F9","lpd"
"lpp","AZ18","E8","lpp"
"lpxC","AZ09","D2","lpxC"
"lpxP","AZ09","G1","lpxP"
"lsrR","AZ17","D7","lsrR,lsrK"
"luxS","AZ06","D6","luxS"
"lysA","AZ01","D2","lysA"
"lysR","AZ01","B8","lysR"
"lysU","AZ10","C1","lysU"
"macA","AZ02","F12","macA,macB"
"maeB","AZ02","B4","maeB"
"malE","AZ01","F12","malE,malF,malG"
"malF","AZ20","B1","malF"
"malI","AZ20","H5","malI"
"malS","AZ10","G10","malS"
"malX","AZ20","G7","malX,malY"
"manX","AZ17","D1","manX,manY,manZ"
"manY","AZ17","B3","manY"
"map","AZ09","E2","map,glnD,dapD"
"marC","AZ13","H11","marC"
"marR","AZ13","E2","marR,marA,marB"
"mazE","AZ07","B12","mazE"
"mazG","AZ10","B1","mazG"
"mcrA","AZ07","B3","mcrA"
"mcrB","AZ04","E3","mcrB,mcrC"
"mdoB","AZ11","C11","opgB"
"mdtG","AZ16","A2","mdtG"
"mdtH","AZ20","A1","mdtH"
"mdtK","AZ15","H4","mdtK"
"mdtN","AZ03","B8","mdtN,mdtO,mdtP,ytcA"
"mdtO","AZ03","B7","mdtO"
"menD","AZ07","A9","menD"
"menF","AZ07","A10","menF,menD,menH,menB,menC,menE"
"metA","AZ01","C7","metA"
"metB","AZ01","C5","metB,metL"
"metC","AZ01","B9","metC"
"metE","AZ01","C4","metE"
"metF","AZ05","B2","metF"
"metG","AZ10","A4","metG"
"metJ","AZ01","D9","metJ"
"metK","AZ05","E7","metK"
"metR","AZ01","D8","metR"
"mfd","AZ10","B7","mfd"
"mglA","AZ14","C12","mglA"
"mglB","AZ14","H8","mglB,mglA,mglC"
"mgsA","AZ06","A8","mgsA"
"mhpR","AZ03","D11","mhpR,lacI"
"minC","AZ13","A7","minC,minD,minE"
"mipA","AZ19","B3","mipA"
"mlc","AZ17","A1","mlc,ynfK"
"mltC","AZ18","E11","mltC"
"mltD","AZ03","H9","mltD"
"mngR","AZ02","A10","mngR"
"mntR","AZ07","E8","mntR,ybiR"
"moaA","AZ07","G1","moaA,moaB,moaC,moaD,moaE"
"mobA","AZ07","H4","mobA,mobB"
"modF","AZ14","C6","modF"
"moeA","AZ07","G11","moeA,moeB"
"mog","AZ07","F8","mog"
"molR_2","AZ07","F5","molR_2"
"motA","AZ20","C2","motA,motB,cheA,cheW"
"mqo","AZ01","G12","mqo"
"mraZ","AZ11","H2","mraZ,rsmH,ftsL,ftsI,murE,murF,mraY,murD,ftsW,murG,murC,ddlB,ftsQ,ftsA,ftsZ,lpxC"
"mrcB","AZ18","E5","mrcB"
"mreC","AZ18","H11","mreC"
"mrp","AZ10","E11","mrp"
"mrr","AZ10","H3","mrr"
"msbB","AZ09","A3","lpxM"
"mscL","AZ16","H8","mscL"
"mscS","AZ06","E3","mscS"
"msrA","AZ09","F7","msrA"
"mtr","AZ17","A8","mtr"
"mug","AZ13","B9","mug"
"murA","AZ18","H9","murA"
"murB","AZ18","F1","murB,birA"
"murC","AZ18","E4","murC"
"mutH","AZ12","E2","mutH"
"mutM","AZ12","F6","mutM"
"mutS","AZ12","E1","mutS"
"mutT","AZ12","G6","mutT"
"mutY","AZ12","E3","mutY,yggX,mltC,nupG"
"mviN","AZ07","E2","murJ"
"nac","AZ08","F9","nac"
"nadC","AZ18","B11","nadC"
"nadK","AZ05","H9","nadK"
"nagA","AZ17","E2","nagA"
"nagB","AZ17","D9","nagB,nagA,nagC,umpH"
"nagE","AZ17","C12","nagE"
"nanA","AZ18","H10","nanA,nanT,nanE,nanK,yhcH"
"nanT","AZ16","F6","nanT"
"napF","AZ12","A7","napF,napD,napA,napG,napH,napB,napC,ccmA,ccmB,ccmC,ccmD,ccmE,ccmF,ccmG,ccmH"
"narQ","AZ03","F6","narQ"
"narU","AZ16","A3","narU"
"narX","AZ16","G3","narX,narL"
"narZ","AZ03","H12","narZ,narY,narW,narV"
"ndh","AZ03","G4","ndh"
"ndk","AZ20","D6","ndk"
"nfnB","AZ13","E8","nfsB"
"nfo","AZ12","G12","nfo"
"nfrB","AZ14","A2","nfrB,nfrA"
"nhaA","AZ13","D9","nhaA,nhaR"
"nhoA","AZ12","D6","nhoA"
"nlpA","AZ09","B4","nlpA"
"nlpC","AZ09","A2","nlpC"
"nlpD","AZ09","A6","nlpD,rpoS"
"nlpI","AZ11","C5","nlpI"
"nmpC","AZ15","A9","nmpC"
"nohA","AZ16","F2","nohA,ydfN,tfaQ"
"nohB","AZ09","G6","nohB"
"norR","AZ04","A9","norR"
"norV","AZ03","E10","norV,norW"
"nrdB","AZ18","A8","nrdB"
"nrdD","AZ17","E10","nrdD,nrdG"
"nrdG","AZ06","B8","nrdG"
"nrdH","AZ18","A9","nrdH,nrdI,nrdE,nrdF"
"nrfA","AZ03","F12","nrfA,nrfB,nrfC,nrfD,nrfE,nrfF,nrfG"
"nrfE","AZ03","G8","nrfE"
"nudB","AZ06","B1","nudB,yebC,ruvC"
"nudC","AZ19","H3","nudC,hemE,nfi"
"nudE","AZ04","A6","nudE"
"nudF","AZ11","D12","nudF,yqiB,cpdA,yqiA,parE"
"nudG","AZ10","F8","nudG"
"nudH","AZ13","B7","rppH,ptsP"
"nuoM","AZ04","A1","nuoM"
"nupC","AZ16","G11","nupC"
"nupG","AZ16","E8","nupG"
"nupX","AZ14","H9","nupX"
"ompA","AZ18","H3","ompA"
"ompC","AZ20","D5","ompC"
"ompG","AZ18","E7","ompG"
"ompN","AZ12","C6","ompN"
"ompR","AZ20","C4","ompR,envZ"
"ompT","AZ18","H2","ompT"
"ompW","AZ16","D12","ompW"
"ompX","AZ18","D10","ompX"
"oppB","AZ14","E2","oppB"
"osmB","AZ11","C1","osmB"
"osmC","AZ04","H7","osmC"
"osmE","AZ18","C2","osmE"
"otsB","AZ11","C4","otsB,otsA"
"oxyR","AZ20","D1","oxyR"
"paaX","AZ11","F12","paaX,paaY"
"pabC","AZ07","F4","pabC,mltG,tmk,holB,ycfH"
"pagB","AZ02","E11","yjbD"
"panB","AZ17","E1","panB,panC"
"panD","AZ18","B12","panD"
"panE","AZ09","H6","panE,yajL"
"parC","AZ09","G12","parC"
"pbpG","AZ18","H7","pbpG"
"pck","AZ12","A10","pck"
"pcnB","AZ08","D7","pcnB,folK"
"pdhR","AZ02","A7","pdhR,aceE,aceF,lpd"
"pdxB","AZ11","D11","pdxB,usg,truA,dedA"
"pdxH","AZ17","E4","pdxH,tyrS,pdxY"
"pdxK","AZ18","C5","pdxK"
"pdxY","AZ06","A11","pdxY"
"pepB","AZ06","D2","pepB"
"pepD","AZ04","G2","pepD"
"pepE","AZ04","G11","pepE"
"pepN","AZ10","G4","pepN"
"pepQ","AZ10","G12","pepQ,yigZ,trkH,hemG"
"pepT","AZ14","B8","pepT"
"perR","AZ14","F7","perR"
"pfkA","AZ01","G2","pfkA"
"pfkB","AZ02","A4","pfkB"
"pflA","AZ03","H11","pflA"
"pgi","AZ02","C6","pgi"
"pgk","AZ05","F12","pgk"
"pgmI","AZ18","D4","gpmM,envC,yibQ"
"pgpB","AZ08","G8","pgpB"
"pgsA","AZ09","A4","pgsA"
"pheL","AZ01","B3","pheL,pheA"
"pheM","AZ10","B8","pheM"
"pheP","AZ16","E6","pheP"
"pheS","AZ01","C11","pheS"
"phnC","AZ14","D8","phnC,phnD,phnE_1,phnE_2,phnF,phnG,phnH,phnI,phnJ,phnK,phnL,phnM,phnN,phnO,phnP"
"phnL","AZ06","B7","phnL"
"phoA","AZ20","G8","phoA,psiF"
"phoB","AZ20","H9","phoB,phoR"
"phoH","AZ06","F12","phoH"
"phoP","AZ05","F9","phoP,phoQ"
"phoR","AZ20","A7","phoR"
"pinE","AZ04","E9","pinE"
"pinH","AZ10","A8","pinH"
"pinR","AZ17","F5","pinR"
"pitA","AZ16","H3","pitA"
"pitB","AZ17","A2","pitB"
"pldA","AZ06","G12","pldA"
"pldB","AZ06","H2","pldB,yigL"
"plsB","AZ09","F4","plsB"
"plsC","AZ09","A9","plsC"
"plsX","AZ09","D4","plsX"
"pmbA","AZ08","H11","pmbA"
"pmrD","AZ13","E11","pmrD"
"pncB","AZ04","G1","pncB"
"pnp","AZ08","E3","pnp"
"pntA","AZ06","H8","pntA,pntB"
"polA","AZ11","H8","polA"
"polB","AZ20","E6","polB"
"potA","AZ14","G9","potA,potB,potC,potD"
"potF","AZ15","B6","potF,potG,potH,potI"
"poxB","AZ03","B1","poxB,ltaE,ybjT"
"ppa","AZ15","E12","ppa"
"ppdD","AZ08","C11","ppdD,hofB,hofC"
"pphA","AZ17","G7","pphA,sdsR"
"ppiA","AZ16","G6","ppiA"
"ppiB","AZ10","E5","ppiB,lpxH"
"ppiC","AZ09","F9","ppiC"
"ppiD","AZ11","G6","ppiD"
"pppA","AZ04","C12","pppA"
"pqiA","AZ07","D11","pqiA,pqiB"
"prfB","AZ09","A8","prfB"
"prfC","AZ09","D7","prfC"
"priA","AZ09","H9","priA"
"priC","AZ11","H12","priC,ybaM"
"prlC","AZ04","G7","prlC,rsmJ"
"proL","AZ08","B6","proL"
"proQ","AZ17","G6","proQ,prc"
"proS","AZ10","B5","proS"
"proX","AZ11","A5","proX"
"prpB","AZ08","A5","prpB,prpC,prpD,prpE"
"prpR","AZ08","F4","prpR"
"psiE","AZ18","F7","psiE"
"psiF","AZ06","F6","psiF"
"pspB","AZ07","C11","pspB"
"pspE","AZ07","F9","pspE"
"pspF","AZ15","D6","pspF"
"pstC","AZ14","D6","pstC"
"pstS","AZ20","G2","pstS,pstC,pstA,pstB,phoU"
"pth","AZ12","A3","pth,ychF"
"ptrB","AZ04","D11","ptrB"
"ptsG","AZ01","F11","ptsG"
"purM","AZ05","E1","purM,purN"
"purT","AZ12","D11","purT"
"pykF","AZ02","A8","pykF"
"pyrB","AZ09","H4","pyrB"
"pyrC","AZ09","G10","pyrC"
"pyrG","AZ06","B3","pyrG,eno"
"pyrH","AZ06","F5","pyrH"
"qseB","AZ08","G3","qseB,qseC"
"racC","AZ14","H4","racC"
"racR","AZ15","H8","racR"
"rbsD","AZ16","H12","rbsD,rbsA,rbsC,rbsB,rbsK,rbsR"
"rcsA","AZ18","E9","rcsA"
"rcsC","AZ19","B5","rcsC"
"rcsF","AZ18","G11","rcsF,trmO"
"rdoA","AZ12","A9","rdoA,dsbA"
"recA","AZ20","G5","recA,recX"
"recE","AZ04","D9","recE,recT,ralR,ydaC,xisR,intR"
"recX","AZ06","D7","recX"
"relA","AZ20","B4","relA,mazE,mazF,mazG"
"relB","AZ20","C5","relB,relE,hokD"
"renD","AZ01","G6","renD,emrE"
"rfaD","AZ18","E3","rfaD,waaF,waaC,waaL"
"rfaH","AZ09","E7","rfaH"
"rfaQ","AZ09","E12","waaQ,waaG,waaP,waaS,waaB,waaO,waaJ,waaY,waaZ,waaU"
"rfaZ","AZ09","B3","waaZ"
"rfbA","AZ04","C2","rfbA"
"rfbB","AZ04","C4","rfbB,rfbD,rfbA,rfbC,rfbX"
"rfe","AZ05","A11","rfe,wzzE,wecB,wecC,rffG,rffH,rffC,wecE,wzxE,rffT,wzyE,rffM"
"rffC","AZ09","D5","wecD"
"rhaB","AZ20","E12","rhaB,rhaA,rhaD"
"rhaD","AZ20","D3","rhaD"
"rhaS","AZ20","C8","rhaS,rhaR"
"rhaT","AZ20","B3","rhaT"
"rhlB","AZ18","C8","rhlB"
"rhlE","AZ06","G3","rhlE"
"rho","AZ08","B10","rho"
"rhoL","AZ08","B9","rhoL,rho"
"rhsA","AZ06","D8","rhsA,yibA"
"rhsB","AZ02","E4","rhsB"
"rhsD","AZ08","E4","rhsD,ybbC,ylbH,ybbD"
"rhsE","AZ08","A4","rhsE,ydcD"
"rhtB","AZ07","A2","rhtB"
"ribA","AZ09","E4","ribA"
"ribB","AZ18","C6","sroG,ribB"
"ribC","AZ18","A5","ribE"
"ribE","AZ16","D4","ribC"
"rihA","AZ14","D11","rihA"
"rihC","AZ01","A1","rihC"
"rimJ","AZ19","H4","rimJ"
"rimL","AZ19","F9","rimL"
"rlmB","AZ08","B11","rlmB"
"rluB","AZ14","F5","rluB"
"rluC","AZ10","C7","rluC"
"rluD","AZ09","E6","rluD,yfiH"
"rluE","AZ02","B2","rluE,nudJ"
"rluF","AZ10","H2","rluF"
"rmf","AZ19","F4","rmf"
"rmuC","AZ12","H4","rmuC"
"rna","AZ04","D8","rna"
"rnd","AZ04","D10","rnd"
"rne","AZ04","G4","rne"
"rnhA","AZ13","A2","rnhA"
"rnk","AZ06","A7","rnk"
"rnt","AZ04","E6","rnt,lhr"
"rob","AZ13","B11","rob"
"rof","AZ08","G2","yaeP,rof"
"rpe","AZ01","H5","rpe"
"rph","AZ04","G9","rph,pyrE"
"rpiA","AZ01","H3","rpiA"
"rplL","AZ19","G6","rplL"
"rplN","AZ19","C9","rplN,rplX,rplE,rpsN,rpsH,rplF,rplR,rpsE,rpmD,rplO,secY,rpmJ"
"rplT","AZ19","B10","rplT"
"rplY","AZ19","F11","rplY"
"rpmB","AZ19","E12","rpmB"
"rpmE","AZ09","G7","rpmE"
"rpmI","AZ19","B11","rpmI"
"rpoD","AZ20","D8","rpoD"
"rpoE","AZ20","G4","rpoE,rseA,rseB,rseC"
"rpoH","AZ20","F2","rpoH"
"rpoS","AZ20","F12","rpoS"
"rpsA","AZ19","F8","rpsA"
"rpsB","AZ09","F11","tff,rpsB,tsf"
"rpsG","AZ19","F2","rpsG"
"rpsJ","AZ19","E11","rpsJ,rplC,rplD,rplW,rplB,rpsS,rplV,rpsC,rplP,rpmC,rpsQ"
"rpsL","AZ19","C1","rpsL,rpsG,fusA,tufA"
"rpsM","AZ19","C8","rpsM,rpsK,rpsD,rpoA,rplQ"
"rpsO","AZ19","C5","rpsO"
"rpsP","AZ19","C4","rpsP,rimM,trmD,rplS"
"rpsT","AZ20","H7","rpsT"
"rpsU","AZ19","H5","rpsU,dnaG,rpoD"
"rrlA","AZ19","G3","rrlA"
"rrlB","AZ19","G8","rrlE"
"rrlD","AZ19","C7","rrlD"
"rrlE","AZ19","G9","rrlE"
"rrlG","AZ19","F1","rrlG"
"rrlH","AZ19","F6","rrlA"
"rrmA","AZ17","G5","rlmA"
"rrnA","AZ19","G2","rrsA,ileT,alaT,rrlA,rrfA"
"rrnB","AZ19","G4","rrsB,gltT,rrlB,rrfB"
"rrnC","AZ19","H6","rrsC,gltU,rrlC,rrfC"
"rrnD","AZ20","A4","rrsD,ileU,alaU,rrlD,rrfD,thrV,rrfF"
"rrnG","AZ19","C2","rrsG,gltW,rrlG,rrfG"
"rrnH","AZ19","F5","rrsH,ileV,alaV,rrlH,rrfH"
"rsd","AZ19","H12","rsd"
"rssA","AZ16","D11","rssA,rssB"
"rssB","AZ04","E5","rssB"
"rstA","AZ04","H4","rstA,rstB"
"rsuA","AZ08","F11","rsuA"
"rumA","AZ06","A2","rlmD"
"ruvA","AZ20","D7","ruvA,ruvB"
"sanA","AZ13","F12","sanA,yeiS"
"sapA","AZ14","H7","sapA,sapB,sapC,sapD,sapF"
"sbcB","AZ10","G7","sbcB"
"sbmA","AZ14","B3","sbmA,yaiW"
"sbmC","AZ12","E12","sbmC"
"sdaA","AZ02","F7","sdaA"
"sdhC","AZ02","A9","sdhC,sdhD,sdhA,sdhB,sucA,sucB,sucC,sucD"
"secA","AZ13","F6","secA"
"secB","AZ13","F5","secB"
"secE","AZ13","C4","secE,nusG"
"secM","AZ01","A5","secM,secA,mutT"
"selA","AZ10","B12","selA,selB"
"selC","AZ15","H7","selC"
"selD","AZ10","B9","selD"
"seqA","AZ10","A2","seqA,pgm"
"serA","AZ01","C3","serA"
"serA","AZ01","F4","serA"
"serA","AZ02","C3","serA"
"serA","AZ03","C3","serA"
"serA","AZ04","C3","serA"
"serA","AZ05","C3","serA"
"serA","AZ06","C3","serA"
"serA","AZ07","C3","serA"
"serA","AZ08","C3","serA"
"serA","AZ09","C3","serA"
"serA","AZ10","C3","serA"
"serA","AZ11","C3","serA"
"serA","AZ12","C3","serA"
"serA","AZ13","C3","serA"
"serA","AZ14","C3","serA"
"serA","AZ15","C3","serA"
"serA","AZ16","C3","serA"
"serA","AZ17","C3","serA"
"serA","AZ18","C3","serA"
"serA","AZ19","C3","serA"
"serA","AZ20","C3","serA"
"serB","AZ01","C8","serB,radA,nadR"
"serC","AZ01","A9","serC,aroA"
"serU","AZ08","F7","serU"
"serW","AZ08","D5","serW"
"serX","AZ08","F5","serX"
"setA","AZ15","H6","sgrS,sgrT,setA"
"setB","AZ02","A5","setB"
"sfmA","AZ07","F11","sfmA"
"sfmC","AZ07","D7","sfmC,sfmD"
"shiA","AZ16","G7","shiA"
"sieB","AZ05","B12","sieB"
"sirA","AZ04","A8","tusA"
"skp","AZ10","C2","skp"
"slp","AZ18","E2","slp,dctR"
"slt","AZ14","C1","slt"
"slyA","AZ13","H12","slyA"
"slyB","AZ04","H5","slyB"
"slyD","AZ09","B2","slyD"
"slyX","AZ08","H3","slyX"
"smf","AZ09","C4","smf"
"smpA","AZ17","C5","bamE"
"smpB","AZ19","D10","smpB"
"smtA","AZ05","D12","cmoM,mukF,mukE,mukB"
"sodA","AZ20","E11","sodA"
"sodB","AZ12","G11","sodB"
"sodC","AZ13","E9","sodC"
"sohA","AZ03","C12","prlF,yhaV"
"sohB","AZ03","E5","sohB"
"solA","AZ07","C12","solA,yceO"
"somA","AZ02","G5","ybjX"
"soxR","AZ13","C2","soxR"
"soxS","AZ06","A3","soxS"
"speB","AZ06","B6","speB"
"speC","AZ06","H11","speC"
"speE","AZ06","A5","speE"
"speF","AZ11","E7","speF,potE"
"sppA","AZ12","D10","sppA"
"spr","AZ05","C1","mepS"
"spy","AZ17","G2","spy"
"srlR","AZ03","D4","srlR"
"srmB","AZ08","B2","srmB"
"ssb","AZ20","H12","ssb"
"sscR","AZ02","G3","queD"
"sseA","AZ19","D8","sseA"
"sseB","AZ06","D1","sseB"
"sspA","AZ05","G1","sspA,sspB"
"ssrA","AZ19","F12","ssrA"
"sstT","AZ15","B11","sstT"
"ssuE","AZ04","A11","ssuE,ssuA,ssuD,ssuC,ssuB"
"stfE","AZ15","D2","stfE,tfaE"
"stfR","AZ17","H8","stfR"
"sthA","AZ19","H11","sthA"
"stpA","AZ10","F2","stpA"
"sufI","AZ08","D8","ftsP"
"sulA","AZ13","B12","sulA"
"syd","AZ14","A1","syd"
"talA","AZ02","A3","talA,tktB"
"talB","AZ02","A2","talB"
"tam","AZ06","E12","tam"
"tar","AZ20","D4","tar,tap,cheR,cheB,cheY,cheZ"
"tatE","AZ13","F9","tatE"
"tdcB","AZ02","D4","tdcB"
"tdcG_2","AZ02","C11","tdcG"
"tesB","AZ09","E3","tesB"
"tgt","AZ10","C4","tgt,yajC,secD,secF"
"thiC","AZ17","H12","thiC,thiE,thiF,thiS,thiG,thiH"
"thiI","AZ10","G6","thiI"
"thiL","AZ18","A6","thiL"
"thiM","AZ17","E6","thiM,thiD"
"thrU","AZ09","G8","thrU,tyrU,glyT,thrT,tufB"
"tig","AZ11","A3","tig"
"tilS","AZ11","A2","tilS"
"tktB","AZ01","G1","tktB"
"tnaC","AZ02","F9","tnaC,tnaA,tnaB"
"tolA","AZ09","H7","tolA"
"tolB","AZ10","G2","tolB,pal,cpoB"
"tolC","AZ04","H9","tolC,ygiA,ygiB,ygiC"
"tonB","AZ16","E4","tonB"
"torR","AZ04","B2","torR"
"torS","AZ04","B1","torS"
"torT","AZ03","F1","torT"
"torY","AZ17","G8","torY,torZ"
"tpiA","AZ01","H7","tpiA"
"treA","AZ11","B12","treA"
"treB","AZ17","A10","treB,treC"
"treF","AZ11","H9","treF"
"trkA","AZ11","F5","trkA"
"trmA","AZ10","F5","trmA"
"trmE","AZ13","G1","mnmE"
"trmU","AZ12","B4","mnmA"
"trpL","AZ20","G12","trpL,trpE,trpD,trpC,trpB,trpA"
"trpR","AZ01","C9","trpR"
"trxA","AZ18","B9","trxA"
"trxC","AZ08","B3","trxC"
"tsf","AZ09","D8","tsf"
"ttdA","AZ03","F7","ttdA,ttdB,ttdT"
"tufA","AZ09","B1","tufA"
"tufB","AZ09","D6","tufB"
"tyrB","AZ01","B5","tyrB"
"tyrP","AZ17","D2","tyrP"
"tyrS","AZ12","E10","tyrS"
"ubiC","AZ07","D9","ubiC,ubiA"
"ubiE","AZ07","F6","ubiE,ubiJ,ubiB"
"ubiF","AZ14","A10","ubiF"
"ubiG","AZ20","H8","ubiG"
"ubiX","AZ06","B10","ubiX"
"ucpA","AZ06","C8","ucpA"
"udk","AZ06","H9","udk,dcd"
"udp","AZ05","E3","udp"
"ugd","AZ04","C1","ugd"
"ugpA","AZ14","D4","ugpA"
"ugpB","AZ15","A1","ugpB,ugpA,ugpE,ugpC,ugpQ"
"uhpA","AZ16","F8","uhpA"
"uhpT","AZ16","F7","uhpT"
"uidA","AZ03","B2","uidA,uidB,uidC"
"uidC","AZ18","H5","uidC"
"umuD","AZ20","G11","umuD,umuC"
"ung","AZ12","D12","ung"
"upp","AZ05","E12","upp,uraA"
"usg","AZ06","B11","usg"
"ushA","AZ15","H2","ushA"
"uspA","AZ04","H11","uspA"
"uspB","AZ11","E3","uspB"
"uspE","AZ16","B4","uspE"
"uspF","AZ16","B7","uspF"
"uspG","AZ14","F9","uspG"
"uvrA","AZ02","B7","uvrA"
"uvrC","AZ20","B5","uvrC"
"uvrD","AZ20","E7","uvrD"
"uvrY","AZ20","C6","uvrY,uvrC"
"uxaC","AZ16","G5","uxaC,uxaA"
"uxuA","AZ15","H9","uxuA,uxuB"
"uxuR","AZ11","G9","uxuR"
"vacJ","AZ09","E5","mlaA"
"valV","AZ08","A8","valV,valW"
"wrbA","AZ01","E8","wrbA,yccJ"
"wrbA","AZ01","F10","wrbA,yccJ"
"wrbA","AZ02","F10","wrbA,yccJ"
"wrbA","AZ03","F10","wrbA,yccJ"
"wrbA","AZ04","F10","wrbA,yccJ"
"wrbA","AZ05","F10","wrbA,yccJ"
"wrbA","AZ06","F10","wrbA,yccJ"
"wrbA","AZ07","F10","wrbA,yccJ"
"wrbA","AZ08","F10","wrbA,yccJ"
"wrbA","AZ09","F10","wrbA,yccJ"
"wrbA","AZ10","F10","wrbA,yccJ"
"wrbA","AZ11","F10","wrbA,yccJ"
"wrbA","AZ12","F10","wrbA,yccJ"
"wrbA","AZ13","F10","wrbA,yccJ"
"wrbA","AZ14","F10","wrbA,yccJ"
"wrbA","AZ15","F10","wrbA,yccJ"
"wrbA","AZ16","F10","wrbA,yccJ"
"wrbA","AZ17","F10","wrbA,yccJ"
"wrbA","AZ18","F10","wrbA,yccJ"
"wrbA","AZ19","F10","wrbA,yccJ"
"wrbA","AZ20","F10","wrbA,yccJ"
"xapA","AZ06","H10","xapA,xapB"
"xasA","AZ17","A5","gadC"
"xseA","AZ10","G8","xseA"
"xseB","AZ04","G3","xseB,ispA,dxs,yajO"
"xthA","AZ12","D9","xthA"
"xylB","AZ12","B6","xylB"
"xylE","AZ12","F7","xylE"
"xylF","AZ16","H4","xylF,xylG,xylH,xylR"
"xylG","AZ14","E6","xylG"
"yaaH","AZ01","E3","satP"
"yaaI","AZ01","E4","yaaI"
"yaaJ","AZ02","H9","yaaJ"
"yaaU","AZ16","A9","yaaU"
"yaaW","AZ11","H11","yaaW"
"yabI","AZ01","A3","yabI"
"yabN","AZ16","D6","sgrR,sroA,tbpA,thiP,thiQ"
"yabP","AZ01","A2","yabP,yabQ"
"yacG","AZ12","B3","yacG"
"yacH","AZ01","E5","yacH"
"yacH","AZ02","B11","yacH"
"yacL","AZ01","A6","yacL"
"yadC","AZ08","D4","yadC"
"yadF","AZ14","G5","can"
"yadG","AZ14","C2","yadG,yadH"
"yadK","AZ12","B1","yadK"
"yadN","AZ08","C12","yadN"
"yadR","AZ11","G1","erpA"
"yadS","AZ12","B5","yadS"
"yaeH","AZ08","D1","yaeH"
"yaeQ","AZ08","B5","yaeQ,arfB,nlpE"
"yafC","AZ13","A1","yafC"
"yafD","AZ12","C9","yafD,yafE"
"yafJ","AZ08","C6","yafJ"
"yafK","AZ12","G5","yafK"
"yafL","AZ12","C12","yafL"
"yafM","AZ11","G8","rayT"
"yafS","AZ06","G5","yafS"
"yafT","AZ08","C5","yafT"
"yafU","AZ12","C7","yafU"
"yafV","AZ12","C1","yafV"
"yafZ","AZ21","A3","yafZ"
"yagB","AZ12","F11","yagB"
"yagE","AZ14","A4","yagE,yagF"
"yagG","AZ08","C8","yagG,yagH"
"yagI","AZ08","D3","yagI"
"yagJ","AZ11","H4","yagJ"
"yagM","AZ12","F12","yagM,yagL"
"yagT","AZ13","G9","paoA,paoB,paoC,paoD"
"yagU","AZ13","D1","yagU"
"yagY","AZ12","G1","ecpB,ecpC,ecpD,ecpE"
"yagZ","AZ12","G2","ecpA"
"yahB","AZ07","B4","yahB"
"yahC","AZ13","G10","yahC"
"yahD","AZ13","D2","yahD,yahE,yahF,yahG"
"yahK","AZ07","D3","yahK"
"yahM","AZ11","G12","yahM"
"yahN","AZ17","D12","yahN"
"yahO","AZ17","D4","yahO"
"yaiA","AZ12","H5","yaiA"
"yaiB","AZ18","D8","iraP"
"yaiE","AZ11","F11","yaiE"
"yaiI","AZ13","H3","yaiI"
"yaiM","AZ07","B5","frmB"
"yaiN","AZ17","G9","frmR,frmA,frmB"
"yaiP","AZ07","B6","yaiP"
"yaiW","AZ11","F2","yaiW"
"yaiX","AZ13","E10","yaiX,yaiO"
"yaiZ","AZ13","D5","yaiZ"
"yajB","AZ10","E7","acpH"
"yajC","AZ11","E9","yajC"
"yajG","AZ19","A11","yajG,ampG"
"yajO","AZ13","G4","yajO"
"yajR","AZ15","H12","yajR"
"ybaA","AZ11","G3","ybaA"
"ybaB","AZ11","G2","ybaB,recR"
"ybaD","AZ13","D6","nrdR,ribD,ribE,nusB,thiL,pgpA"
"ybaE","AZ15","E10","ybaE"
"ybaK","AZ13","G7","ybaK"
"ybaL","AZ14","H5","ybaL"
"ybaN","AZ11","H3","ybaN"
"ybaO","AZ07","D4","decR"
"ybaP","AZ13","H4","ybaP"
"ybaQ","AZ13","D7","ybaQ"
"ybaT","AZ11","E10","ybaT"
"ybaV","AZ11","G7","ybaV"
"ybaY","AZ08","G7","ybaY"
"ybbB","AZ18","G12","ybbB"
"ybbC","AZ11","F8","ybbC"
"ybbL","AZ14","B4","fetA,fetB"
"ybcK","AZ01","G7","ybcK"
"ybcL","AZ01","G8","ybcL,ybcM"
"ybcV","AZ15","B4","ybcV"
"ybcW","AZ03","D1","ybcW"
"ybcY","AZ15","B12","ybcY"
"ybdF","AZ14","D9","ybdF"
"ybdG","AZ07","B7","ybdG"
"ybdH","AZ06","H3","ybdH"
"ybdK","AZ15","C2","ybdK"
"ybdL","AZ06","G2","ybdL"
"ybdN","AZ14","D10","ybdN"
"ybdR","AZ14","A7","ybdR"
"ybeB","AZ12","C8","rsfS,rlmH,mrdA,mrdB,rlpA"
"ybeF","AZ07","B8","ybeF"
"ybeL","AZ20","E10","ybeL"
"ybeQ","AZ14","F11","ybeQ"
"ybeR","AZ14","A8","ybeR,djlB"
"ybeT","AZ14","F12","ybeT"
"ybeU","AZ14","A9","ybeU,djlC"
"ybeZ","AZ14","C5","ybeZ,ybeY,ybeX,lnt"
"ybfD","AZ12","H7","ybfD"
"ybfE","AZ12","E8","ybfE"
"ybfF","AZ10","E8","ybfF"
"ybgA","AZ12","H8","ybgA,phr"
"ybgC","AZ12","H11","ybgC,tolQ,tolR,tolA"
"ybgD","AZ07","C1","ybgD"
"ybgH","AZ13","A4","dtpD"
"ybgI","AZ12","D1","ybgI,ybgJ,ybgK,ybgL,nei"
"ybgQ","AZ07","B11","ybgQ,ybgP,ybgO"
"ybgS","AZ01","C12","ybgS"
"ybhA","AZ14","G1","ybhA"
"ybhC","AZ07","C2","ybhC"
"ybhD","AZ04","H2","ybhD"
"ybhE","AZ14","A11","pgl"
"ybhI","AZ15","B5","ybhI"
"ybhJ","AZ07","D10","ybhJ"
"ybhK","AZ07","G10","ybhK"
"ybhM","AZ13","C5","ybhM"
"ybhQ","AZ14","B1","ybhQ"
"ybiA","AZ13","B1","ybiA"
"ybiF","AZ19","B2","rhtA"
"ybiH","AZ06","H4","cecR,ybhG,ybhF,ybhS,ybhR"
"ybiJ","AZ15","A8","ybiJ"
"ybiM","AZ14","G2","mcbA"
"ybiN","AZ14","B2","rlmF"
"ybiO","AZ07","C5","ybiO"
"ybiS","AZ13","A5","ldtB"
"ybiU","AZ15","A10","ybiU"
"ybiV","AZ15","A11","ybiV"
"ybjC","AZ18","B4","ybjC,nfsA,rimK,ybjN"
"ybjE","AZ07","C8","lysO"
"ybjG","AZ21","A6","ybjG"
"ybjH","AZ15","B1","ybjH"
"ybjJ","AZ06","H5","ybjJ,ybjI"
"ybjK","AZ06","G4","rcdA"
"ybjL","AZ15","E7","ybjL"
"ybjM","AZ15","E1","ybjM"
"ybjN","AZ07","E10","ybjN"
"ybjO","AZ13","C6","ybjO,rlmC"
"ybjP","AZ15","E6","ybjP"
"ybjQ","AZ15","D12","ybjQ,amiD"
"ybjS","AZ07","C6","ybjS"
"ycaC","AZ16","B12","ycaC"
"ycaD","AZ15","G2","ycaD"
"ycaI","AZ13","C8","ycaI,msbA,lpxK,ycaQ"
"ycaK","AZ15","G3","ycaK"
"ycaL","AZ13","C7","ycaL"
"ycaN","AZ16","C1","ycaN"
"ycaO","AZ16","C2","ycaO"
"ycaP","AZ15","G4","ycaP"
"ycbB","AZ07","E6","ldtD"
"ycbC","AZ05","E11","elyC"
"ycbK","AZ13","C9","ycbK,gloC"
"ycbR","AZ07","E5","elfD,elfC,elfG,ycbU,ycbV,ycbF"
"ycbW","AZ13","C11","zapC"
"ycbZ","AZ02","G6","ycbZ"
"yccA","AZ07","C9","yccA"
"yccE","AZ13","D12","yccE"
"yccF","AZ10","E9","yccF,yccS"
"yccM","AZ15","B3","yccM"
"yccR","AZ12","E6","sxy"
"ycdC","AZ15","G6","rutR"
"ycdM","AZ16","C4","rutA,rutB,rutC,rutD,rutE,rutF,rutG"
"ycdN","AZ13","C12","efeU_1,efeU_2"
"ycdO","AZ14","D12","efeO,efeB"
"ycdZ","AZ14","E8","ycdZ"
"yceF","AZ16","C6","yceF"
"yceK","AZ14","E10","yceK"
"yceP","AZ15","D5","bssS"
"ycfD","AZ15","D8","roxA"
"ycfJ","AZ14","E11","ycfJ"
"ycfQ","AZ16","C7","comR"
"ycfR","AZ15","G9","bhsA"
"ycfS","AZ15","D7","ldtC"
"ycfT","AZ14","G8","ycfT"
"ycgE","AZ07","D1","bluR"
"ycgF","AZ10","F6","bluF"
"ycgH","AZ14","E12","ycgH_2"
"ycgI","AZ15","G11","ymgH,ycgI,ymgJ"
"ycgJ","AZ12","D3","ycgJ"
"ycgK","AZ13","A8","pliG"
"ycgL","AZ12","D4","ycgL"
"ycgM","AZ07","E3","ycgM"
"ycgN","AZ14","F1","ycgN"
"ycgR","AZ16","C12","ycgR"
"ycgX","AZ15","D9","ycgX"
"ycgY","AZ14","F2","ycgY"
"ychF","AZ17","E12","ychF"
"ychH","AZ11","H5","ychH"
"ychJ","AZ16","F11","ychJ"
"ychM","AZ17","A4","dauA"
"yciA","AZ15","D11","yciA"
"yciC","AZ16","F12","yciC,yciB"
"yciG","AZ12","E9","yciG,yciF,yciE"
"yciI","AZ16","G4","yciI"
"yciK","AZ03","E3","yciK,btuR"
"yciS","AZ14","F6","lapA,lapB,pyrF,yciH"
"yciT","AZ17","H6","yciZ,yciT"
"yciW","AZ17","F2","yciW"
"ycjG","AZ13","E1","ycjG"
"ycjK","AZ02","G12","puuA,puuP"
"ycjL","AZ03","A1","puuD,puuR,puuC,puuB,puuE"
"ycjM","AZ07","E4","ycjM,ycjN,ycjO,ycjP,ycjQ,ycjR,ycjS,ycjT,ycjU,ycjV,ymjB"
"ycjW","AZ02","H2","ycjW"
"ycjX","AZ03","A2","ycjX,ycjF,tyrR"
"ycjY","AZ16","G1","ycjY,ymjD,ymjC,mpaA"
"ycjZ","AZ16","E1","pgrR"
"ydaG","AZ16","B6","ydaG,ydaF"
"ydaO","AZ16","B5","ttcA"
"ydaQ","AZ10","D11","ydaQ"
"ydbC","AZ15","C6","ydbC"
"ydbD","AZ15","C7","ydbD"
"ydbH","AZ12","D5","ydbH,ynbE,ydbL"
"ydcA","AZ15","C12","ydcA"
"ydcF","AZ15","C8","ydcF"
"ydcG","AZ17","H10","opgD"
"ydcI","AZ16","F9","ydcI"
"ydcJ","AZ16","D10","ydcJ"
"ydcK","AZ13","H6","ydcK"
"ydcL","AZ15","C11","ydcL"
"ydcM","AZ17","H11","insQ"
"ydcR","AZ17","H7","ydcR"
"ydcS","AZ15","B8","ydcS,ydcT,ydcU,ydcV,patD"
"ydcX","AZ15","D1","ydcX"
"yddA","AZ14","C9","yddA,yddB"
"yddE","AZ16","B9","yddE"
"yddH","AZ13","A10","yddH"
"yddL","AZ17","F6","yddL,yddK,yddJ"
"yddM","AZ16","B10","yddM"
"yddW","AZ16","E11","yddW"
"ydeA","AZ14","E3","ydeA"
"ydeI","AZ13","A11","ydeI"
"ydeJ","AZ12","D7","ydeJ"
"ydeO","AZ12","B8","ydeO"
"ydeP","AZ12","C5","ydeP"
"ydeQ","AZ17","F7","ydeQ"
"ydeV","AZ17","F8","lsrK"
"ydfA","AZ11","B3","ydfA,ydfB,ydfC"
"ydfE","AZ15","F2","ydfE"
"ydfH","AZ06","F2","ydfH"
"ydfI","AZ17","F11","ydfI"
"ydfO","AZ05","G10","ynfO,ydfO"
"ydfV","AZ20","B12","ydfV"
"ydfZ","AZ15","D4","ydfZ"
"ydgA","AZ15","F5","ydgA"
"ydgC","AZ11","D2","ydgC"
"ydgD","AZ15","F4","ydgD,ydgU"
"ydgH","AZ06","G7","ydgH"
"ydgI","AZ06","E7","ydgI,folM"
"ydgK","AZ15","F6","ydgK,rsxA,rsxB,rsxC,rsxD,rsxG,rsxE,nth"
"ydgL","AZ12","G10","rsxA"
"ydgR","AZ15","F7","dtpA"
"ydhB","AZ16","D3","ydhB"
"ydhD","AZ11","D4","grxD"
"ydhH","AZ11","D3","anmK"
"ydhO","AZ04","H6","mepH"
"ydhP","AZ16","C9","ydhP,ynhF"
"ydhQ","AZ08","F6","ydhQ"
"ydhR","AZ15","F8","ydhR"
"ydhS","AZ15","F9","ydhS"
"ydhZ","AZ02","C2","ydhZ"
"ydiF","AZ06","E9","ydiF,ydiO"
"ydiL","AZ15","F11","rprA,ydiL"
"ydiM","AZ06","E8","ydiM"
"ydiP","AZ02","H5","ydiP"
"ydiQ","AZ03","A5","ydiQ,ydiR,ydiS,ydiT,fadK"
"ydiS","AZ06","E10","ydiS"
"ydiU","AZ17","A11","ydiU"
"ydiV","AZ17","B1","ydiV"
"ydiY","AZ02","B6","ydiY"
"ydjA","AZ13","B3","ydjA,selD,topB"
"ydjF","AZ17","G3","ydjF"
"ydjL","AZ17","G4","ydjL,ydjK,ydjJ,ydjI,ydjH,ydjG"
"ydjN","AZ06","E5","tcyP"
"ydjX","AZ16","E10","ydjX,ydjY,ydjZ,ynjA,ynjB,ynjC,ynjD"
"yeaE","AZ17","B2","yeaE"
"yeaH","AZ20","H11","yeaH"
"yeaL","AZ10","F9","yeaL"
"yeaM","AZ02","H6","nimR"
"yeaP","AZ10","F11","dgcP"
"yeaS","AZ11","B5","leuE"
"yeaT","AZ02","H7","dmlR"
"yeaU","AZ03","A6","dmlA"
"yeaV","AZ15","B9","yeaV,yeaW"
"yeaX","AZ05","A3","yeaX"
"yeaZ","AZ11","B6","tsaB,yeaY"
"yebA","AZ16","D7","mepM"
"yebB","AZ20","A9","yebB"
"yebE","AZ11","B9","yebE"
"yebF","AZ05","G11","yebF"
"yebF","AZ21","A8","yebF"
"yebG","AZ13","B4","yebG"
"yebO","AZ11","B8","yebO"
"yebQ","AZ15","H5","yebQ"
"yebR","AZ04","F11","msrC"
"yebS","AZ10","G1","yebS,yebT"
"yebU","AZ05","A4","rsmF"
"yecF","AZ20","G10","yecF"
"yecH","AZ17","D11","yecH"
"yecM","AZ10","E10","yecM,cutC"
"yedP","AZ18","D11","yedP"
"yedQ","AZ04","E11","dgcQ"
"yedW","AZ02","H8","yedW,yedV"
"yedX","AZ03","A7","yedX"
"yedY","AZ05","A6","msrP,msrQ"
"yeeA","AZ04","F1","yeeA"
"yeeE","AZ17","G11","yeeE,yeeD"
"yeeI","AZ08","A9","mtfA"
"yeeJ","AZ05","B7","asnT"
"yeeO","AZ08","F8","yeeO"
"yeeR","AZ17","B6","yeeR,yeeS,yeeT,cbeA,cbtA,yeeW"
"yeeU","AZ05","B8","cbeA"
"yeeV","AZ17","B7","cbtA"
"yeeX","AZ17","G10","yeeX"
"yegE","AZ06","G8","dgcE"
"yegP","AZ17","B8","yegP"
"yegT","AZ01","H12","yegT,yegU,yegV"
"yegW","AZ17","H2","yegW"
"yehD","AZ17","H3","yehD,yehC,yehB,yehA"
"yehS","AZ12","B10","yehS"
"yehZ","AZ17","H4","osmF,yehY,yehX,yehW"
"yeiC","AZ17","H5","psuK,psuG"
"yeiE","AZ10","E2","yeiE"
"yeiG","AZ07","G4","yeiG"
"yeiM","AZ14","H10","psuT"
"yeiP","AZ05","B10","yeiP"
"yeiT","AZ05","B9","preT,preA"
"yejA","AZ15","B10","yejA,yejB,yejE,yejF"
"yejG","AZ04","F2","yejG"
"yejH","AZ08","A11","radD"
"yejK","AZ10","E12","yejK"
"yejL","AZ10","A5","yejL,yejM"
"yejO","AZ10","E3","yejO"
"yfaD","AZ17","B9","yfaD,ypaA"
"yfaL","AZ18","C4","yfaL"
"yfaY","AZ10","H4","yfaY"
"yfbE","AZ11","H6","arnB,arnC,arnA,arnD,arnT,arnE,arnF"
"yfbJ","AZ05","C2","arnE"
"yfbM","AZ21","A2","yfbM"
"yfbR","AZ05","C5","yfbR"
"yfbS","AZ06","B9","yfbS"
"yfbU","AZ10","H6","yfbU,yfbT"
"yfbV","AZ04","B5","yfbV"
"yfcC","AZ05","C6","yfcC"
"yfcD","AZ10","H7","yfcD"
"yfcE","AZ10","H8","yfcE"
"yfcG","AZ09","F12","yfcG"
"yfcI","AZ10","H9","yfcI"
"yfcJ","AZ16","A5","yfcJ"
"yfcU","AZ06","B12","yfcU,yfcT,yfcS,yfcR,yfcQ,yfcP,yfcO"
"yfcV","AZ06","C1","yfcV"
"yfdC","AZ08","G9","yfdC"
"yfdG","AZ17","B10","yfdG,yfdH,yfdI"
"yfdQ","AZ17","B11","yfdQ"
"yfdV","AZ06","C5","yfdV"
"yfdZ","AZ03","E4","alaC"
"yfeK","AZ18","B6","yfeK,yfeS"
"yfeN","AZ06","G9","yfeN"
"yfeY","AZ10","C12","yfeY,yfeX"
"yffH","AZ10","D3","nudK"
"yffS","AZ17","B12","yffS"
"yfgA","AZ06","C12","rodZ"
"yfgB","AZ10","D7","rlmN"
"yfgH","AZ17","C1","yfgH,yfgI"
"yfhB","AZ14","G11","pgpC,tadA"
"yfhG","AZ06","D3","yfhG"
"yfhH","AZ14","B10","yfhH"
"yfhK","AZ06","D4","glmY,glrK"
"yfhL","AZ17","C4","yfhL"
"yfhM","AZ19","C11","yfhM,pbpC"
"yfhR","AZ17","C2","yfhR"
"yfiC","AZ08","F12","yfiC"
"yfiE","AZ13","B5","yfiE"
"yfiF","AZ08","G1","yfiF"
"yfjG","AZ19","D1","ratA,ratB"
"yfjI","AZ17","C6","yfjI"
"yfjL","AZ10","D10","abpA,abpB"
"yfjM","AZ11","E4","yfjM"
"yfjN","AZ11","A1","rnlA,rnlB"
"yfjP","AZ05","D1","yfjP,yfjQ"
"yfjR","AZ05","D2","yfjR,ypjK,yfjS,yfjT"
"yfjW","AZ19","D11","yfjW"
"ygaQ","AZ19","E1","ygaQ"
"ygaV","AZ19","E2","ygaV,ygaP"
"ygaZ","AZ11","A8","ygaZ,ygaH"
"ygbA","AZ13","B6","ygbA"
"ygbI","AZ04","A10","ygbI"
"ygbJ","AZ03","E11","ygbJ,ygbK"
"ygbN","AZ16","A10","ygbN"
"ygcB","AZ10","A11","cas3"
"ygcF","AZ19","D5","queE"
"ygcW","AZ19","D4","ygcW"
"ygdI","AZ19","D6","ygdI"
"ygdL","AZ06","D10","tcdA"
"ygdQ","AZ05","D4","ygdQ"
"ygdR","AZ11","A9","ygdR"
"ygeA","AZ13","F1","ygeA"
"ygeF","AZ19","E5","ygeF"
"ygeG","AZ11","A11","ygeG"
"ygeI","AZ11","B1","ygeI"
"ygeQ","AZ10","B2","ygeQ"
"ygeR","AZ14","G6","ygeR"
"ygeX","AZ08","C9","ygeX"
"ygeY","AZ05","D7","ygeY"
"ygfF","AZ06","D12","ygfF"
"ygfU","AZ16","H2","uacT"
"yggD","AZ12","B7","yggD"
"yggE","AZ06","E2","yggE"
"yggH","AZ13","B8","trmI,yggL"
"yggM","AZ06","E4","yggM"
"ygiD","AZ09","D11","ygiD"
"ygiF","AZ09","D12","ygiF,glnE"
"ygiH","AZ05","E2","ygiH"
"ygiL","AZ05","D8","ygiL"
"ygiP","AZ04","B7","ttdR"
"ygiR","AZ04","F5","ygiQ"
"ygiS","AZ12","F2","ygiS"
"ygiU","AZ09","G9","mqsR,mqsA"
"ygiW","AZ09","D9","ygiW"
"ygiZ","AZ09","D10","ygiZ"
"ygjD","AZ20","A2","tsaD"
"ygjG","AZ01","B10","patA"
"ygjH","AZ02","G9","ygjH"
"ygjI","AZ17","B4","ygjI"
"ygjJ","AZ09","C9","ygjJ,ygjK"
"ygjN","AZ09","B6","higB,higA"
"ygjO","AZ05","H12","rlmG"
"ygjQ","AZ09","C11","ygjQ"
"ygjR","AZ09","C12","ygjR"
"ygjV","AZ09","B7","ygjV"
"yhaH","AZ02","F5","yhaH"
"yhaJ","AZ08","E6","yhaJ"
"yhaK","AZ07","H8","yhaK,yhaL"
"yhbC","AZ09","B9","rimP"
"yhbE","AZ09","C1","yhbE"
"yhbO","AZ07","H12","yhbO"
"yhbP","AZ08","E11","yhbP"
"yhbQ","AZ08","A1","yhbQ"
"yhbT","AZ08","E12","yhbT,yhbS"
"yhbU","AZ08","A2","yhbU,yhbV"
"yhbW","AZ03","C1","yhbW"
"yhbX","AZ09","B12","yhbX"
"yhcA","AZ03","C9","yhcA,yhcD,ychE_1"
"yhcB","AZ07","H10","yhcB"
"yhcF","AZ06","A4","ychE_2,yhcF"
"yhcG","AZ03","C11","yhcG"
"yhcM","AZ08","E8","zapE"
"yhcO","AZ09","C2","yhcO"
"yhdA","AZ08","E7","csrD"
"yhdH","AZ07","H9","yhdH"
"yhdJ","AZ18","A1","yhdJ"
"yhdN","AZ09","C5","yhdN,zntR"
"yhdX","AZ14","E4","yhdX"
"yhdY","AZ14","E5","yhdY"
"yheO","AZ09","C7","yheO,tusD,tusC,tusB"
"yheS","AZ14","B12","yheS,yheT,yheU"
"yhfA","AZ02","B9","yhfA"
"yhfG","AZ09","C8","yhfG,fic,pabA"
"yhfK","AZ03","C4","yhfK"
"yhfL","AZ03","C5","yhfL"
"yhfX","AZ04","D4","yhfX,yhfW,php,yhfU,yhfT,yhfS"
"yhfZ","AZ04","D5","yhfZ,yhfY"
"yhgA","AZ03","C7","yhgA"
"yhgE","AZ11","H10","yhgE"
"yhgF","AZ04","E4","yhgF"
"yhgN","AZ18","B10","yhgN"
"yhhF","AZ04","H10","rsmD,yhhL"
"yhhM","AZ04","A7","yhhM"
"yhhN","AZ03","E8","yhhN"
"yhhQ","AZ03","E9","yhhQ"
"yhhT","AZ16","E5","yhhT"
"yhhW","AZ04","D7","yhhW"
"yhhY","AZ03","E7","yhhY"
"yhhZ","AZ03","G10","yhhZ,yrhA,insA-6,insAB-6,insB-6"
"yhiD","AZ04","C9","yhiD"
"yhiI","AZ05","A1","yhiI,rbbA,yhhJ"
"yhiJ","AZ05","A2","yhiJ"
"yhiP","AZ03","G11","dtpB"
"yhiR","AZ10","G9","rlmJ"
"yhjB","AZ19","A3","yhjB"
"yhjC","AZ18","C12","yhjC"
"yhjG","AZ02","D12","yhjG"
"yhjJ","AZ02","E1","yhjJ"
"yhjK","AZ02","E2","pdeK"
"yhjR","AZ19","A4","yhjR"
"yhjX","AZ13","F4","yhjX"
"yhjY","AZ09","H8","yhjY"
"yiaD","AZ07","G6","yiaD"
"yiaF","AZ19","A5","yiaF"
"yiaG","AZ18","D2","yiaG"
"yiaJ","AZ19","A6","yiaJ"
"yiaT","AZ19","A7","yiaT"
"yiaU","AZ18","D3","yiaU"
"yiaW","AZ02","E5","yiaW,yiaV"
"yibF","AZ18","B1","yibF"
"yibK","AZ08","B8","trmL"
"yibL","AZ05","H4","yibL"
"yicC","AZ10","G11","yicC"
"yicH","AZ05","H5","yicH"
"yidE","AZ02","E6","yidE"
"yidH","AZ19","A10","yidH,yidG,yidF"
"yidI","AZ18","D7","yidI"
"yidK","AZ19","A8","yidK,yidJ"
"yidL","AZ18","D5","yidL"
"yidR","AZ19","A9","yidR"
"yidS","AZ18","D6","cbrA"
"yidX","AZ19","G10","yidX"
"yieE","AZ05","H6","yieE,yieF"
"yieG","AZ19","H8","adeP"
"yieH","AZ19","G11","yieH"
"yifB","AZ01","D6","yifB"
"yifE","AZ08","H5","yifE"
"yifM_2","AZ05","B1","wzyE"
"yigI","AZ07","A1","yigI"
"yihD","AZ07","G7","yihD"
"yihL","AZ05","H7","yihL,yihM"
"yihN","AZ12","B11","yihN"
"yihR","AZ02","E7","yihR"
"yihU","AZ19","H9","yihU,yihT,yihS"
"yihX","AZ05","H8","yihX,yihY,dtd,yiiD"
"yiiF","AZ05","C11","yiiF"
"yiiP","AZ15","C1","fieF"
"yiiQ","AZ19","H10","yiiQ"
"yiiR","AZ19","H2","yiiR"
"yiiU","AZ20","F5","zapB"
"yijF","AZ02","E9","yijF"
"yijO","AZ02","E10","yijO"
"yjaB","AZ01","D11","yjaB"
"yjaH","AZ11","E12","yjaH"
"yjbB","AZ18","F4","yjbB"
"yjbE","AZ18","F5","yjbE,yjbF,yjbG,yjbH"
"yjbI","AZ18","F9","yjbI"
"yjbJ","AZ18","F8","yjbJ"
"yjbQ","AZ18","F12","yjbQ,yjbR"
"yjcD","AZ18","G1","ghxP"
"yjcE","AZ15","C4","yjcE"
"yjcH","AZ03","B5","yjcH"
"yjcO","AZ03","B6","yjcO"
"yjdB","AZ03","B10","eptA"
"yjdF","AZ03","B12","yjdF"
"yjdI","AZ03","G1","yjdI,yjdJ"
"yjdK","AZ18","G2","ghoS,ghoT"
"yjeB","AZ18","G6","nsrR,rnr,rlmB,yjfI,yjfJ"
"yjeI","AZ18","G3","yjeI"
"yjeK","AZ09","F5","epmB"
"yjeN","AZ18","G4","yjeN,yjeO"
"yjfI","AZ18","G7","yjfI"
"yjfK","AZ18","G8","yjfK,yjfL,yjfM,yjfC"
"yjfQ","AZ03","H2","ulaR"
"yjfY","AZ20","A3","yjfY"
"yjgH","AZ03","H6","yjgH"
"yjgR","AZ03","H7","yjgR"
"yjhI","AZ05","G3","yjhI,yjhH,yjhG"
"yjhS","AZ05","G5","nanS"
"yjhU","AZ03","H8","yjhU"
"yjiA","AZ19","E7","yjiA"
"yjiH","AZ05","F6","yjiH,yjiG,iadA"
"yjiJ","AZ19","E9","yjiJ"
"yjiM","AZ19","E6","yjiM,yjiL"
"yjiT","AZ03","A9","yjiT"
"yjiW","AZ12","F8","symE"
"yjiX","AZ19","E8","yjiX,yjiA"
"yjiY","AZ12","A6","yjiY"
"yjjI","AZ05","F7","yjjI"
"yjjJ","AZ11","D5","yjjJ"
"yjjK","AZ14","H3","ettA"
"yjjL","AZ19","E10","lgoT"
"yjjU","AZ03","C2","yjjU,yjjV,ytjA"
"yjjV","AZ11","C6","yjjV"
"yjjY","AZ20","B10","yjjY"
"ykfA","AZ08","D2","ykfA,yafZ"
"ykfG","AZ02","H12","ykfG"
"ykfI","AZ01","H8","ykfI"
"ykfJ","AZ11","G11","ykfJ,prfH"
"ykgC","AZ05","E9","rclA,rclB,rclC"
"ykgD","AZ05","D10","rclR"
"ykgE","AZ07","D2","ykgE,ykgF,ykgG"
"ykgF","AZ11","E8","ykgF"
"ykgH","AZ12","F9","ykgH"
"ykgI","AZ12","G3","rclB"
"ykgJ","AZ06","A6","ykgJ"
"ykiA","AZ11","G10","ykiA"
"ylaB","AZ13","G5","pdeB"
"ylaC","AZ13","G6","ylaC"
"ylbE","AZ01","G4","ylbE"
"ylbG","AZ13","G8","ylbG"
"ylcE","AZ03","F4","tfaX"
"yliE","AZ15","C9","pdeI,dgcI"
"yliG","AZ15","E8","rimO"
"yliI","AZ07","E9","yliI"
"ymcC","AZ15","B2","gfcB,gfcC,gfcD"
"ymcE","AZ07","D12","ymcE,gnsA"
"ymdB","AZ14","E9","ymdB,clsC"
"ymdE","AZ15","G7","ymdE"
"ymfE","AZ13","A6","ymfE,ymfD"
"ymfI","AZ15","G10","ymfI"
"ymgE","AZ15","G12","ymgE"
"ymjA","AZ16","B3","ymjA"
"ynaI","AZ15","F1","ynaI"
"ynbA","AZ17","H9","ynbA,ynbB,ynbC,ynbD"
"yncA","AZ17","D6","mnaT,ydcZ"
"yncB","AZ17","C9","curA"
"yncC","AZ06","E11","mcbR"
"yncD","AZ02","H3","yncD"
"yncE","AZ03","A3","yncE"
"yncG","AZ16","G8","yncG"
"yncJ","AZ16","B8","yncJ"
"yneE","AZ16","E12","yneE"
"yneF","AZ17","F9","dgcF"
"yneH","AZ16","F1","yneH,yneG"
"yneI","AZ02","H4","sad"
"yneJ","AZ03","A4","yneJ"
"yneK","AZ13","B10","yneK"
"ynfA","AZ11","C12","ynfA"
"ynfB","AZ04","H3","ynfB,speG"
"ynfC","AZ11","D1","ynfC"
"ynfE","AZ06","F4","ynfE,ynfF,ynfG,ynfH,dmsD"
"ynfK","AZ07","A7","ynfK"
"ynfL","AZ16","D2","ynfL"
"ynfM","AZ15","H3","ynfM"
"yniA","AZ16","E9","yniA"
"yniC","AZ10","F7","yniC"
"ynjF","AZ04","F6","ynjF"
"yoaA","AZ04","F9","yoaA"
"yoaB","AZ10","F12","yoaB"
"yoaD","AZ21","A1","pdeD"
"yoaE","AZ17","D10","yoaE"
"yoaF","AZ04","F8","yoaF"
"yoaH","AZ07","H5","yoaH"
"yobF","AZ11","B7","yobF,cspC"
"yodB","AZ05","B6","yodB"
"yohC","AZ10","D12","yohC"
"yohD","AZ09","H10","yohD"
"yohJ","AZ09","H11","yohJ,yohK"
"yohL","AZ04","F12","rcnR"
"yohM","AZ10","G3","rcnA,rcnB"
"yojI","AZ14","D1","yojI"
"ypdA","AZ03","A8","ypdA,ypdB,ypdC"
"ypeA","AZ19","B6","ypeA,yfeZ"
"ypfG","AZ10","D2","ypfG"
"ypfH","AZ10","D4","ypfH"
"ypfJ","AZ10","D5","ypfJ,tmcA"
"yphF","AZ14","H12","yphF,yphE,yphD"
"yphG","AZ19","C12","yphG"
"yphH","AZ19","D9","yphH"
"ypjA","AZ10","A7","ypjA"
"ypjD","AZ13","E6","ypjD"
"yqaE","AZ19","D3","yqaE,kbp"
"yqcD","AZ13","E7","queF"
"yqcE","AZ19","E3","yqcE,ygcE"
"yqeG","AZ16","G12","yqeG"
"yqeH","AZ11","A10","yqeH"
"yqeI","AZ05","D5","yqeI,yqeJ"
"yqeK","AZ19","D7","yqeK"
"yqfA","AZ06","D11","yqfA"
"yqgA","AZ06","G10","yqgA"
"yqgD","AZ05","F8","yqgD"
"yqhH","AZ16","B1","yqhH"
"yqiC","AZ18","B7","yqiC"
"yqiJ","AZ08","G11","yqiJ,yqiK"
"yqjC","AZ02","G11","yqjC,yqjD,yqjE,yqjK"
"yqjF","AZ02","F2","yqjF"
"yqjG","AZ02","F4","yqjG"
"yqjH","AZ09","E1","yqjH"
"yqjI","AZ08","G6","yqjI"
"yraL","AZ08","E9","rsmI"
"yraM","AZ07","H11","lpoA"
"yraQ","AZ09","B10","yraQ"
"yraR","AZ08","E10","yraR"
"yrbA","AZ12","C4","ibaG,murA"
"yrbF","AZ14","G12","mlaF,mlaE,mlaD,mlaC,mlaB"
"yrbG","AZ14","B11","yrbG,kdsD,kdsC,lptC,lptA,lptB,rpoN,hpf,ptsN,rapZ,npr"
"yrbL","AZ03","C8","yrbL"
"yrfF","AZ03","E6","yrfF"
"ysgA","AZ05","F2","ysgA"
"ytfB","AZ09","F6","ytfB"
"ytfE","AZ03","H3","ytfE"
"ytfF","AZ03","H4","ytfF"
"ytfI","AZ18","G9","ytfI"
"ytfL","AZ03","H5","ytfL"
"ytfM","AZ08","H10","tamA,tamB,ytfP"
"ytfQ","AZ15","E4","ytfQ,ytfR,ytfT,yjfF"
"ytfR","AZ14","E7","ytfR"
"ytjB","AZ01","D12","ytjB,lplA"
"yzgL","AZ04","D6","yzgL"
"zitB","AZ14","H6","zitB"
"zntA","AZ16","H10","zntA"
"znuA","AZ14","G10","znuA"
"znuC","AZ14","B9","znuC,znuB"
"zraP","AZ04","B10","zraP"
"zraS","AZ03","F11","zraS,zraR"
"zupT","AZ08","G4","zupT"
