"UAL_promoter","Strand","Reports_genes","Gene","Operon","Operon_name","Duplicated_reporting"
"aaeR",1,"aaeR","aaeR",NA,NA,NA
"abrB",-1,"abrB","abrB",NA,NA,NA
"accB",1,"accB,accC",NA,"accB,accC","accBC",NA
"aceB",1,"aceB,aceA,aceK",NA,"aceB,aceA,aceK","aceBAK","aceK"
"aceK",1,"aceK","aceK",NA,NA,"aceK"
"ackA",1,"ackA,pta",NA,"ackA,pta","ackA-pta",NA
"acnB",1,"acnB","acnB",NA,NA,NA
"acpP",1,"acpP","acpP",NA,NA,NA
"ada",-1,"ada,alkB",NA,"ada,alkB","ada-alkB",NA
"add",1,"add","add",NA,NA,NA
"adhE",-1,"adhE","adhE",NA,NA,NA
"adiA",-1,"adiA","adiA",NA,NA,NA
"adk",1,"adk","adk",NA,NA,NA
"adrA",1,"dgcC","dgcC",NA,NA,NA
"aegA",-1,"aegA","aegA",NA,NA,NA
"aer",-1,"aer","aer",NA,NA,NA
"aes",-1,"aes","aes",NA,NA,NA
"agaR",-1,"agaR","agaR",NA,NA,NA
"agn43",1,"isrC,flu",NA,"isrC,flu","isrC-flu",NA
"ahpC",1,"ahpC,ahpF",NA,"ahpC,ahpF","ahpCF","ahpF"
"ahpF",1,"ahpF","ahpF",NA,NA,"ahpF"
"aidB",1,"aidB","aidB",NA,NA,NA
"ais",-1,"ais","ais",NA,NA,NA
"alaS",-1,"alaS","alaS",NA,NA,NA
"aldA",1,"aldA","aldA",NA,NA,NA
"aldB",-1,"aldB","aldB",NA,NA,NA
"aldH",1,"puuC","puuC",NA,NA,"puuC"
"allA",1,"allA","allA",NA,NA,NA
"allD",-1,"allD,allC,allE",NA,"allD,allC,allE","allDCE",NA
"allR",1,"allR","allR",NA,NA,NA
"allS",-1,"allS","allS",NA,NA,NA
"alsA",-1,"alsA","alsA",NA,NA,"alsA"
"alsB",-1,"alsB","alsB",NA,NA,"alsB"
"alsI",1,"rpiB","rpiB",NA,NA,NA
"alsR",-1,"rpiR,alsB,alsA,alsC,alsE",NA,"rpiR,alsB,alsA,alsC,alsE","rpiR-alsBACE","alsB,alsA"
"amiA",1,"amiA,hemF",NA,"amiA,hemF","amiA-hemF",NA
"amiC",-1,"amiC","amiC",NA,NA,NA
"amn",1,"amn","amn",NA,NA,NA
"ampD",1,"ampD,ampE",NA,"ampD,ampE","ampDE",NA
"ampH",-1,"ampH","ampH",NA,NA,NA
"amyA",1,"amyA","amyA",NA,NA,NA
"aniC",-1,"adiC","adiC",NA,NA,NA
"ansA",1,"ansA,pncA",NA,"ansA,pncA","ansA-pncA",NA
"ansB",-1,"ansB","ansB",NA,NA,NA
"apbE",-1,"ftp","ftp",NA,NA,NA
"aphA",1,"aphA","aphA",NA,NA,NA
"appA",1,"appA","appA",NA,NA,"appA"
"apt",1,"apt","apt",NA,NA,NA
"aqpZ",-1,"aqpZ","aqpZ",NA,NA,NA
"araB",-1,"araB,araA,araD",NA,"araB,araA,araD","araBAD","araD"
"araC",1,"araC","araC",NA,NA,NA
"araD",-1,"araD","araD",NA,NA,"araD"
"araE",-1,"araE,ygeA",NA,"araE,ygeA","araE-ygeA","ygeA"
"araF",-1,"araF,araG,araH",NA,"araF,araG,araH","araFGH",NA
"araJ",-1,"araJ","araJ",NA,NA,NA
"arcB",-1,"arcB","arcB",NA,NA,NA
"argA",1,"argA","argA",NA,NA,NA
"argC",1,"argC,argB,argH",NA,"argC,argB,argH","argCBH",NA
"argD",-1,"argD","argD",NA,NA,NA
"argE",-1,"argE","argE",NA,NA,NA
"argF",-1,"argF","argF",NA,NA,NA
"argG",1,"argG","argG",NA,NA,NA
"argI",-1,"argI","argI",NA,NA,NA
"argP",1,"argP","argP",NA,NA,NA
"argU",1,"argU","argU",NA,NA,NA
"argW",1,"argW","argW",NA,NA,NA
"aroF",-1,"aroF,tyrA",NA,"aroF,tyrA","aroF-tyrA",NA
"aroH",1,"aroH","aroH",NA,NA,NA
"aroK",-1,"aroK,aroB,damX,dam,rpe,gph,trpS",NA,"aroK,aroB,damX,dam,rpe,gph,trpS","aroKB-damX-dam-rpe-gph-trpS","dam,rpe"
"aroL",1,"aroL,yaiA,aroM",NA,"aroL,yaiA,aroM","aroL-yaiA-aroM","yaiA"
"aroP",-1,"aroP","aroP",NA,NA,NA
"arpA",-1,"arpA","arpA",NA,NA,NA
"artP",-1,"artP,artI,artQ,artM",NA,"artP,artI,artQ,artM","artPIQM",NA
"ascG",-1,"ascG","ascG",NA,NA,NA
"asd",-1,"asd","asd",NA,NA,NA
"asnA",1,"asnA","asnA",NA,NA,NA
"asnC",-1,"asnC,mioC,mnmG,rsmG",NA,"asnC,mioC,mnmG,rsmG","asnC-mioC-mnmG-rsmG",NA
"asnS",-1,"asnS","asnS",NA,NA,NA
"asnV",1,"asnV","asnV",NA,NA,NA
"aspA",-1,"aspA,dcuA",NA,"aspA,dcuA","aspA-dcuA","dcuA"
"aspC",-1,"aspC","aspC",NA,NA,NA
"aspU",1,"aspU","aspU",NA,NA,NA
"asr",1,"asr","asr",NA,NA,NA
"astC",-1,"astC,astA,astD,astB,astE",NA,"astC,astA,astD,astB,astE","astCADBE",NA
"atoS",1,"atoS,atoC",NA,"atoS,atoC","atoSC",NA
"atpI",-1,"atpI,atpB,atpE,atpF,atpH,atpA,atpG,atpD,atpC",NA,"atpI,atpB,atpE,atpF,atpH,atpA,atpG,atpD,atpC","atpIBEFHAGDC",NA
"b0165",-1,"yaeI","yaeI",NA,NA,NA
"b0255",1,"insN-1,insI-1,insO-1,insN","insN","insN-1,insI-1,insO-1","insN-1I-1O-1",NA
"b0259",-1,"insH-1","insH-1",NA,NA,NA
"b0298",1,"insE1","insE1",NA,NA,"insE1"
"b0360",1,"insC-1,insCD-1,insD-1,insC1","insC1","insC-1,insCD-1,insD-1","insC-1CD-1D-1","insC1"
"b0373",-1,"insE-2,insEF-2,insF-2,insE1","insE1","insE-2,insEF-2,insF-2","insEF-2E-2F-2","insE1"
"b0374",1,"yaiU","yaiU",NA,NA,NA
"b0540",1,"insE-3,insEF-3,insF-3,ybcD,peaD,insE1,renD","peaD,insE1,renD","insE-3,insEF-3,insF-3,ybcD","insE-3EF-3F-3,ybcD","insE1,renD"
"b0582",1,"hokE,insL-2,sokE","hokE,sokE","insL-2","insL-2",NA
"b0656",-1,"insH-3","insH-3",NA,NA,NA
"b0671",-1,"glnU","glnU",NA,NA,NA
"b0725",1,"sucA","sucA",NA,NA,"sucA"
"b1027",-1,"insE-4,insEF-4,insF-4,insE1","insE1","insE-4,insEF-4,insF-4","insEF-4E-4F-4","insE1"
"b1172",-1,"ymgG,ymgD,ymgI","ymgI","ymgG,ymgD","ymgGD",NA
"b1240",-1,"ychG_1,ychG_2,insZ","insZ","ychG_1,ychG_2","ychG_1G_2",NA
"b1331",1,"insH-4","insH-4",NA,NA,NA
"b1403",-1,"insC-2,insCD-2,insD-2,insC1","insC1","insC-2,insCD-2,insD-2","insCD-2C-2D-2","insC1"
"b1420",-1,"hokB,mokB","hokB,mokB",NA,NA,NA
"b1966",1,"yedS_3","yedS_3",NA,NA,NA
"b2192",-1,"insH-8","insH-8",NA,NA,NA
"b2394",1,"insL-3","insL-3",NA,NA,NA
"b2641",-1,"ypjM_1,ypjM_2",NA,"ypjM_1,ypjM_2","ypjM_1M_2",NA
"b2680",1,"ygaX,ygaY",NA,"ygaX,ygaY","ygaXY",NA
"b2861",-1,"insC-4,insCD-4,insD-4,ygeO,ygeN,ygeM,insC1","insC1","insC-4,insCD-4,insD-4,ygeO,ygeN,ygeM","insCD-4C-4D-4-ygeONM","insC1"
"b2974",-1,"yghJ","yghJ",NA,NA,NA
"b3007",-1,"exbB,exbD",NA,"exbB,exbD","exbBD",NA
"b3044",1,"insC-5,insCD-5,insD-5,yqiG,yqiH,yqiI,insC1","insC1","insC-5,insCD-5,insD-5,yqiG,yqiH,yqiI","insC-5CD-5D-5-yqiGHI","insC1"
"b3218",-1,"insH-10","insH-10",NA,NA,NA
"b3505",-1,"insH-11","insH-11",NA,NA,NA
"b4283",1,"insN-2","insN-2",NA,NA,NA
"b4285",1,"insO-2,yjhW,yjhV",NA,"insO-2,yjhW,yjhV","insO-2-yjhWV",NA
"bacA",-1,"bacA","bacA",NA,NA,NA
"barA",1,"barA","barA",NA,NA,NA
"bax",-1,"bax","bax",NA,NA,NA
"bcsE",1,"bcsE,bcsF,bcsG",NA,"bcsE,bcsF,bcsG","bcsEFG",NA
"betT",1,"betT","betT",NA,NA,NA
"bfd",-1,"bfd,bfr",NA,"bfd,bfr","bfd-bfr",NA
"bglA",1,"bglA","bglA",NA,NA,NA
"bioB",1,"bioB,bioF,bioC,bioD",NA,"bioB,bioF,bioC,bioD","bioBFCD",NA
"bisC",-1,"bisC","bisC",NA,NA,NA
"blc",-1,"blc","blc",NA,NA,NA
"bolA",1,"bolA","bolA",NA,NA,NA
"borD",-1,"borD","borD",NA,NA,NA
"brnQ",1,"brnQ,proY",NA,"brnQ,proY","brnQ-proY",NA
"btuB",1,"btuB,murI",NA,"btuB,murI","btuB-murI",NA
"btuC",-1,"btuC,btuE,btuD",NA,"btuC,btuE,btuD","btuCED",NA
"cadA",-1,"cadA","cadA",NA,NA,"cadA"
"cadB",-1,"cadB,cadA",NA,"cadB,cadA","cadBA","cadA"
"caiC",-1,"caiC","caiC",NA,NA,NA
"cbdA",1,"appC,appB,appX,appA",NA,"appC,appB,appX,appA","appCBXA","appA"
"cbpA",-1,"cbpA,cbpM",NA,"cbpA,cbpM","cbpAM",NA
"cca",1,"cca","cca",NA,NA,"cca"
"cdaR",1,"cdaR","cdaR",NA,NA,NA
"cdd",1,"cdd","cdd",NA,NA,NA
"chaB",1,"chaB,chaC",NA,"chaB,chaC","chaBC","chaC"
"chaC",1,"chaC","chaC",NA,NA,"chaC"
"chbA",-1,"chbA","chbA",NA,NA,NA
"chiA",-1,"chiA","chiA",NA,NA,NA
"cirA",-1,"cirA","cirA",NA,NA,NA
"citC",-1,"citC,citD,citE,citF,citX,citG",NA,"citC,citD,citE,citF,citX,citG","citCDEFXG",NA
"citT",-1,"citT","citT",NA,NA,NA
"cld",-1,"wzzB","wzzB",NA,NA,NA
"clpB",-1,"clpB","clpB",NA,NA,NA
"clpP",1,"clpP,clpX,lon",NA,"clpP,clpX,lon","clpPX-lon","clpX,lon"
"clpS",1,"clpS","clpS",NA,NA,NA
"clpX",1,"clpX","clpX",NA,NA,"clpX"
"cls",-1,"clsA,yciU",NA,"clsA,yciU","clsA-yciU",NA
"cmk",1,"cmk,rpsA,ihfB",NA,"cmk,rpsA,ihfB","cmk-rpsA-ihfB","rpsA,ihfB"
"cmr",1,"mdfA","mdfA",NA,NA,NA
"coaE",-1,"coaE,zapD,yacG",NA,"coaE,zapD,yacG","coaE-zapD-yacG","yacG"
"cobU",-1,"cobU,cobS,cobT,yeeH","yeeH","cobU,cobS,cobT","cobUST",NA
"codB",1,"codB,codA",NA,"codB,codA","codBA",NA
"corA",1,"corA","corA",NA,NA,NA
"cpdA",-1,"cpdA","cpdA",NA,NA,"cpdA"
"cpdB",-1,"cpdB","cpdB",NA,NA,NA
"cpsG",-1,"cpsG","cpsG",NA,NA,NA
"crcA",1,"pagP","pagP",NA,NA,NA
"crcB",-1,"crcB","crcB",NA,NA,NA
"creA",1,"creA,creB,creC,creD",NA,"creA,creB,creC,creD","creABCD","creB"
"creB",1,"creB","creB",NA,NA,"creB"
"crl",1,"crl","crl",NA,NA,NA
"crp",1,"crp","crp",NA,NA,NA
"csdA",1,"csdA,csdE",NA,"csdA,csdE","csdAE",NA
"csgC",1,"csgC","csgC",NA,NA,NA
"csiD",1,"csiD,lhgO,gabD,gabT,gabP",NA,"csiD,lhgO,gabD,gabT,gabP","csiD-lhgO-gabDTP",NA
"csiE",1,"csiE","csiE",NA,NA,NA
"cspA",1,"cspA","cspA",NA,NA,NA
"cspB",-1,"cspB","cspB",NA,NA,NA
"cspD",-1,"cspD","cspD",NA,NA,NA
"cspG",1,"cspG","cspG",NA,NA,NA
"cspI",-1,"cspI","cspI",NA,NA,NA
"cueO",1,"cueO","cueO",NA,NA,NA
"cueR",1,"cueR","cueR",NA,NA,NA
"cusC",1,"cusC,cusF,cusB,cusA",NA,"cusC,cusF,cusB,cusA","cusCFBA",NA
"cusR",-1,"cusR,cusS",NA,"cusR,cusS","cusRS",NA
"cutA",-1,"cutA","cutA",NA,NA,NA
"cvpA",-1,"cvpA,purF,ubiX",NA,"cvpA,purF,ubiX","cvpA-purF-ubiX","ubiX"
"cvrA",-1,"cvrA","cvrA",NA,NA,NA
"cyaA",1,"cyaA","cyaA",NA,NA,NA
"cybC",1,"cybC","cybC","cybC","cybC",NA
"cydD",-1,"cydD,cydC",NA,"cydD,cydC","cydDC",NA
"cynR",-1,"cynR","cynR",NA,NA,NA
"cynT",1,"cynT,cynS,cynX",NA,"cynT,cynS,cynX","cynTSX",NA
"cyoA",-1,"cyoA,cyoB,cyoC,cyoD,cyoE",NA,"cyoA,cyoB,cyoC,cyoD,cyoE","cyoABCDE",NA
"cysB",1,"cysB","cysB",NA,NA,NA
"cysD",-1,"cysD,cysN,cysC",NA,"cysD,cysN,cysC","cysDNC",NA
"cysH",-1,"cysH","cysH",NA,NA,"cysH"
"cysJ",-1,"cysJ,cysI,cysH",NA,"cysJ,cysI,cysH","cysJIH","cysH"
"cysK",1,"cysK","cysK",NA,NA,NA
"cysP",-1,"cysP,cysU,cysW,cysA,cysM",NA,"cysP,cysU,cysW,cysA,cysM","cysPUWAM","cysW"
"cysQ",1,"cysQ","cysQ",NA,NA,NA
"cysS",1,"cysS","cysS",NA,NA,NA
"cysT",-1,"cysT,leuZ","cysT,leuZ",NA,NA,NA
"cysW",-1,"cysW","cysW",NA,NA,"cysW"
"cysZ",1,"cysZ","cysZ",NA,NA,NA
"cytR",-1,"cytR","cytR",NA,NA,NA
"dacA",-1,"dacA","dacA",NA,NA,NA
"dacB",1,"dacB","dacB",NA,NA,NA
"dam",-1,"dam","dam",NA,NA,"dam"
"dapA",-1,"dapA,bamC",NA,"dapA,bamC","dapA-bamC",NA
"dapF",1,"yifL,dapF,yigA,xerC,yigB",NA,"yifL,dapF,yigA,xerC,yigB","yifL-dapF-yigA-xerC-yigB",NA
"dcd",-1,"dcd","dcd",NA,NA,"dcd"
"dcm",-1,"dcm,vsr",NA,"dcm,vsr","dcm-vsr",NA
"dcp",-1,"dcp","dcp",NA,NA,NA
"dctA",-1,"dctA","dctA",NA,NA,NA
"dcuA",-1,"dcuA","dcuA",NA,NA,"dcuA"
"dcuS",-1,"dcuS,dcuR",NA,"dcuS,dcuR","dcuSR",NA
"ddlA",-1,"ddlA","ddlA",NA,NA,NA
"deaD",-1,"yrbN,deaD",NA,"yrbN,deaD","yrbN-deaD",NA
"dedA",-1,"dedA","dedA",NA,NA,"dedA"
"def",1,"def,fmt",NA,"def,fmt","def-fmt",NA
"degQ",1,"degQ,degS",NA,"degQ,degS","degQS",NA
"deoA",1,"deoA","deoA",NA,NA,"deoA"
"deoB",1,"deoB","deoB",NA,NA,"deoB"
"deoC",1,"deoC,deoA,deoB,deoD",NA,"deoC,deoA,deoB,deoD","deoCABD","deoA,deoB,deoD"
"deoD",1,"deoD","deoD",NA,NA,"deoD"
"deoR",-1,"deoR","deoR",NA,NA,NA
"der",-1,"der","der",NA,NA,NA
"dfp",1,"dfp","dfp",NA,NA,NA
"dgkA",1,"dgkA","dgkA",NA,NA,NA
"dgoR",-1,"dgoR,dgoK,dgoA,dgoD,dgoT",NA,"dgoR,dgoK,dgoA,dgoD,dgoT","dgoRKADT",NA
"dgt",1,"dgt","dgt",NA,NA,NA
"dhaM",-1,"dhaM","dhaM",NA,NA,NA
"dhaR",1,"dhaR","dhaR",NA,NA,NA
"dicB",1,"dicF","dicF",NA,NA,NA
"dinB",1,"dinB,yafN,yafO,yafP",NA,"dinB,yafN,yafO,yafP","dinB-yafNOP",NA
"dinG",1,"dinG","dinG",NA,NA,NA
"dinJ",-1,"dinJ,yafQ",NA,"dinJ,yafQ","dinJ-yafQ",NA
"dkgA",1,"dkgA","dkgA",NA,NA,NA
"dkgB",1,"dkgB","dkgB",NA,NA,NA
"dksA",-1,"dksA","dksA",NA,NA,NA
"dmsA",1,"dmsA,dmsB,dmsC",NA,"dmsA,dmsB,dmsC","dmsABC",NA
"dnaJ",1,"dnaJ","dnaJ",NA,NA,"dnaJ"
"dnaK",1,"dnaK,tpke11,dnaJ",NA,"dnaK,tpke11,dnaJ","dnaK-tpke11-dnaJ","dnaJ"
"dnaQ",1,"dnaQ","dnaQ",NA,NA,NA
"dnaX",1,"dnaX","dnaX",NA,NA,NA
"dpbA",-1,"yihG","yihG",NA,NA,NA
"dpiB",1,"dpiB,dpiA",NA,"dpiB,dpiA","dpiBA",NA
"dppA",-1,"dppA,dppB,dppC,dppD,dppF",NA,"dppA,dppB,dppC,dppD,dppF","dppABCDF","dppB"
"dppB",-1,"dppB","dppB",NA,NA,"dppB"
"dps",-1,"dps","dps",NA,NA,NA
"dsbG",-1,"dsbG","dsbG",NA,NA,NA
"dsdC",-1,"dsdC","dsdC",NA,NA,NA
"dsdX",1,"dsdX,dsdA",NA,"dsdX,dsdA","dsdXA",NA
"dsrA",-1,"dsrA","dsrA",NA,NA,NA
"dusA",1,"dusA","dusA",NA,NA,NA
"dusB",1,"dusB,fis",NA,"dusB,fis","dusB-fis",NA
"dusC",-1,"dusC","dusC",NA,NA,NA
"dxr",1,"dxr","dxr",NA,NA,NA
"ecfD",1,"bamD","bamD",NA,NA,NA
"ecfE",1,"rseP","rseP",NA,NA,NA
"ecfG",1,"ygiM,cca",NA,"ygiM,cca","ygiM-cca","cca"
"ecfI",1,"yidQ","yidQ",NA,NA,NA
"ecfK",1,"bamA,skp,lpxD,fabZ,lpxA,lpxB,rnhB,dnaE",NA,"bamA,skp,lpxD,fabZ,lpxA,lpxB,rnhB,dnaE","bamA-skp-lpxD-fabZ-lpxAB-rnhB-dnaE","skp,fabZ"
"eco",1,"eco","eco",NA,NA,NA
"ecpD",-1,"yadV,htrE",NA,"yadV,htrE","yadV-htrE",NA
"edd",-1,"edd,eda",NA,"edd,eda","edd-eda",NA
"efp",1,"efp","efp",NA,NA,NA
"ego",1,"lsrA,lsrC,lsrD,lsrB,lsrF,lsrG,tam",NA,"lsrA,lsrC,lsrD,lsrB,lsrF,lsrG,tam","lsrACDBFG-tam","tam"
"elaA",-1,"elaA","elaA",NA,NA,NA
"elaB",-1,"elaB","elaB",NA,NA,NA
"elaD",1,"elaD","elaD",NA,NA,NA
"emrA",1,"emrA","emrA",NA,NA,"emrA"
"emrE",1,"emrE","emrE",NA,NA,"emrE"
"emrR",1,"mprA,emrA,emrB",NA,"mprA,emrA,emrB","mprA-emrAB","emrA"
"eno",-1,"eno","eno",NA,NA,"eno"
"entC",1,"entC,entE,entB,entA,entH",NA,"entC,entE,entB,entA,entH","entCEBAH",NA
"entD",-1,"entD","entD",NA,NA,"entD"
"entS",1,"entS","entS",NA,NA,NA
"envY",-1,"envY,ompT",NA,"envY,ompT","envY-ompT","ompT"
"erfK",-1,"ldtA","ldtA",NA,NA,NA
"eutB",-1,"eutB,eutC,eutL,eutK,eutR",NA,"eutB,eutC,eutL,eutK,eutR","eutBCLKR","eutR"
"eutN",-1,"eutN,eutE,eutJ,eutG",NA,"eutN,eutE,eutJ,eutG","eutNEJG",NA
"eutR",-1,"eutR","eutR",NA,NA,"eutR"
"eutS",-1,"eutS,eutP,eutQ,eutT,eutD,eutM",NA,"eutS,eutP,eutQ,eutT,eutD,eutM","eutSPQTDM",NA
"evgA",1,"evgA,evgS",NA,"evgA,evgS","evgAS",NA
"exuR",1,"exuR","exuR",NA,NA,NA
"fabF",1,"fabF","fabF",NA,NA,NA
"fabR",1,"fabR,yijD","fabR","fabR,yijD","fabR-yijD",NA
"fabZ",1,"fabZ","fabZ",NA,NA,"fabZ"
"fadB",-1,"fadB,fadA",NA,"fadB,fadA","fadBA",NA
"fadE",-1,"fadE","fadE",NA,NA,NA
"fadI",-1,"fadI,fadJ",NA,"fadI,fadJ","fadIJ",NA
"fadL",1,"fadL","fadL",NA,NA,NA
"fdhD",1,"fdhD","fdhD",NA,NA,NA
"fdhF",-1,"fdhF","fdhF",NA,NA,NA
"fdnG",1,"fdnG,fdnH,fdnI",NA,"fdnG,fdnH,fdnI","fdnGHI",NA
"fdoG",-1,"fdoG,fdoH,fdoI,fdhE",NA,"fdoG,fdoH,fdoI,fdhE","fdoGHI-fdhE",NA
"fdrA",1,"fdrA,ylbE,ylbF,ybcF",NA,"fdrA,ylbE,ylbF,ybcF","fdrA-ylbEF-ybcF","ylbE"
"feaB",1,"feaB","feaB",NA,NA,NA
"feaR",-1,"feaR","feaR",NA,NA,NA
"fecA",-1,"fecA,fecB,fecC,fecD,fecE",NA,"fecA,fecB,fecC,fecD,fecE","fecABCDE",NA
"fecI",-1,"fecI,fecR",NA,"fecI,fecR","fecIR",NA
"fepA",-1,"fepA,entD",NA,"fepA,entD","fepA-entD","entD"
"fepB",-1,"fepB","fepB",NA,NA,NA
"fepD",-1,"fepD,fepG,fepC",NA,"fepD,fepG,fepC","fepDGC",NA
"fes",1,"fes,ybdZ,entF,fepE",NA,"fes,ybdZ,entF,fepE","fes-ybdZ-entF-fepE",NA
"fhlA",1,"fhlA","fhlA",NA,NA,NA
"fhuA",1,"fhuA,fhuC,fhuD,fhuB",NA,"fhuA,fhuC,fhuD,fhuB","fhuACDB","fhuC"
"fhuC",1,"fhuC","fhuC",NA,NA,"fhuC"
"fimD",1,"fimD","fimD",NA,NA,NA
"fiu",-1,"fiu","fiu",NA,NA,NA
"fixC",1,"fixC","fixC",NA,NA,NA
"fklB",1,"fklB","fklB",NA,NA,NA
"fkpA",-1,"fkpA","fkpA",NA,NA,NA
"fkpB",1,"fkpB","fkpB",NA,NA,NA
"fldA",-1,"fldA,uof,fur",NA,"fldA,uof,fur","fldA-uof-fur",NA
"fldB",1,"fldB","fldB",NA,NA,NA
"flgA",-1,"flgA,flgM,flgN",NA,"flgA,flgM,flgN","flgAMN","flgM"
"flgB",1,"flgB,flgC,flgD,flgE,flgF,flgG,flgH,flgI,flgJ",NA,"flgB,flgC,flgD,flgE,flgF,flgG,flgH,flgI,flgJ","flgBCDEFGHIJ","flgH"
"flgH",1,"flgH","flgH",NA,NA,"flgH"
"flgM",-1,"flgM","flgM",NA,NA,"flgM"
"fliA",-1,"fliA,fliZ,tcyJ",NA,"fliA,fliZ,tcyJ","fliAZ-tcyJ",NA
"fliC",-1,"fliC","fliC",NA,NA,NA
"fliE",-1,"fliE","fliE",NA,NA,NA
"fliF",1,"fliF,fliG,fliH,fliI,fliJ,fliK",NA,"fliF,fliG,fliH,fliI,fliJ,fliK","fliFGHIJK",NA
"fliL",1,"fliL,fliM,fliN,fliO,fliP,fliQ,fliR",NA,"fliL,fliM,fliN,fliO,fliP,fliQ,fliR","fliLMNOPQR",NA
"flk",1,"flk","flk",NA,NA,NA
"focA",-1,"focA,pflB",NA,"focA,pflB","focA-pflB",NA
"folA",1,"folA","folA",NA,NA,NA
"folB",-1,"folB","folB",NA,NA,NA
"folC",-1,"folC,dedD",NA,"folC,dedD","folC-dedD",NA
"folD",-1,"folD,ybcJ",NA,"folD,ybcJ","folD-ybcJ",NA
"folE",-1,"folE,yeiB",NA,"folE,yeiB","folE-yeiB",NA
"folX",1,"folX,yfcH",NA,"folX,yfcH","folX-yfcH",NA
"fpr",-1,"fpr","fpr",NA,NA,NA
"frdA",-1,"frdA,frdB,frdC,frdD",NA,"frdA,frdB,frdC,frdD","frdABCD",NA
"frlA",1,"frlA,frlB,frlC,frlD,frlR",NA,"frlA,frlB,frlC,frlD,frlR","frlABCDR",NA
"frr",1,"frr","frr",NA,NA,NA
"fruB",-1,"fruB,fruK,fruA",NA,"fruB,fruK,fruA","fruBKA",NA
"fruL",1,"cra","cra",NA,NA,NA
"fryB",-1,"fryB,fryC,ypdF,ypdE,fryA",NA,"fryB,fryC,ypdF,ypdE,fryA","fryBC-ypdFE-fryA",NA
"fsaA",1,"fsaA","fsaA",NA,NA,NA
"fsr",-1,"fsr","fsr",NA,NA,NA
"ftsH",-1,"ftsH","ftsH",NA,NA,"ftsH"
"ftsJ",-1,"rlmE,ftsH",NA,"rlmE,ftsH","rlmE-ftsH","ftsH"
"ftsK",1,"ftsK","ftsK",NA,NA,NA
"ftsN",-1,"ftsN","ftsN",NA,NA,NA
"ftsQ",1,"ftsQ","ftsQ",NA,NA,"ftsQ"
"ftsY",-1,"ftsY,ftsE,ftsX",NA,"ftsY,ftsE,ftsX","ftsYEX",NA
"ftsZ",1,"ftsZ","ftsZ",NA,NA,"ftsZ"
"fucR",1,"fucR","fucR",NA,NA,NA
"fumB",-1,"fumB","fumB",NA,NA,NA
"fxsA",1,"fxsA","fxsA",NA,NA,NA
"gadB",-1,"gadB,gadC",NA,"gadB,gadC","gadBC","gadC"
"gadW",-1,"gadW","gadW",NA,NA,NA
"gadX",-1,"gadX","gadX",NA,NA,NA
"galE",-1,"galE,galT,galK,galM",NA,"galE,galT,galK,galM","galETKM",NA
"galP",1,"galP","galP",NA,NA,NA
"galR",1,"galR","galR",NA,NA,NA
"galS",-1,"galS","galS",NA,NA,NA
"galU",1,"galU","galU",NA,NA,NA
"garD",1,"garD","garD",NA,NA,NA
"gatY",-1,"gatY,gatZ,gatA,gatB,gatC,gatD",NA,"gatY,gatZ,gatA,gatB,gatC,gatD","gatYZABCD",NA
"gcl",1,"gcl,hyi,glxR,ybbW,allB,ybbY,glxK",NA,"gcl,hyi,glxR,ybbW,allB,ybbY,glxK","gcl-hyi-glxR-ybbW-allB-ybbY-glxK","glxK"
"gcvA",-1,"gcvA","gcvA",NA,NA,NA
"gcvP",-1,"gcvP","gcvP",NA,NA,"gcvP"
"gcvT",-1,"gcvT,gcvH,gcvP",NA,"gcvT,gcvH,gcvP","gcvTHP","gcvP"
"ggt",-1,"ggt","ggt",NA,NA,NA
"ghrA",1,"ghrA","ghrA",NA,NA,NA
"glcB",-1,"glcB","glcB",NA,NA,NA
"glcC",1,"glcC","glcC",NA,NA,NA
"glgB",-1,"glgB,glgX,glgC,glgA,glgP",NA,"glgB,glgX,glgC,glgA,glgP","glgBXCAP",NA
"glgS",-1,"glgS","glgS",NA,NA,NA
"glmU",-1,"glmU,glmS",NA,"glmU,glmS","glmUS",NA
"glnA",-1,"glnA,glnL,glnG",NA,"glnA,glnL,glnG","glnALG","glnL"
"glnB",-1,"glnB","glnB",NA,NA,NA
"glnH",-1,"glnH,glnP,glnQ",NA,"glnH,glnP,glnQ","glnHPQ",NA
"glnK",1,"glnK,amtB",NA,"glnK,amtB","glnK-amtB",NA
"glnL",-1,"glnL","glnL",NA,NA,"glnL"
"glnU",-1,"glnW","glnW",NA,NA,NA
"gloA",1,"gloA","gloA",NA,NA,NA
"glpA",1,"glpA,glpB,glpC",NA,"glpA,glpB,glpC","glpABC",NA
"glpD",1,"glpD","glpD",NA,NA,NA
"glpE",-1,"glpE,glpG,glpR",NA,"glpE,glpG,glpR","glpEGR",NA
"glpX",-1,"glpX","glpX",NA,NA,NA
"gltA",-1,"gltA","gltA",NA,NA,NA
"gltB",1,"gltB,gltD,gltF",NA,"gltB,gltD,gltF","gltBDF",NA
"gltJ",-1,"gltJ","gltJ",NA,NA,NA
"glxK",1,"glxK","glxK",NA,NA,"glxK"
"glyA",-1,"glyA","glyA",NA,NA,NA
"glyQ",-1,"glyQ,glyS,ysaB","ysaB","glyQ,glyS","glyQS",NA
"glyU",-1,"glyU","glyU",NA,NA,NA
"gmk",1,"gmk","gmk",NA,NA,NA
"gmr",-1,"pdeR","pdeR",NA,NA,NA
"gnd",-1,"gnd","gnd",NA,NA,NA
"gntK",-1,"gntK","gntK",NA,NA,"gntK"
"gntP",-1,"gntP","gntP",NA,NA,NA
"gntR",-1,"gntR,gntK,gntU",NA,"gntR,gntK,gntU","gntRKU","gntK"
"gntT",1,"gntT","gntT",NA,NA,NA
"gpp",-1,"gpp","gpp",NA,NA,NA
"gpt",1,"gpt","gpt",NA,NA,NA
"greA",-1,"greA","greA",NA,NA,NA
"greB",1,"greB","greB",NA,NA,NA
"grpE",-1,"grpE","grpE",NA,NA,NA
"grxA",-1,"grxA","grxA",NA,NA,NA
"grxB",-1,"grxB","grxB",NA,NA,NA
"grxC",-1,"grxC","grxC",NA,NA,NA
"gshA",-1,"gshA","gshA",NA,NA,NA
"gsk",1,"gsk","gsk",NA,NA,NA
"gst",1,"gstA","gstA",NA,NA,NA
"guaA",-1,"guaA","guaA",NA,NA,"guaA"
"guaB",-1,"guaB,guaA",NA,"guaB,guaA","guaBA","guaA"
"guaC",1,"guaC","guaC",NA,NA,NA
"gudP",-1,"gudP,gudX,gudD",NA,"gudP,gudX,gudD","gudPXD",NA
"gutM",1,"srlM","srlM",NA,NA,NA
"gyrB",-1,"gyrB","gyrB",NA,NA,NA
"hcaR",-1,"hcaR","hcaR",NA,NA,NA
"hcaT",-1,"hcaT","hcaT",NA,NA,NA
"hcp",-1,"hcp,hcr",NA,"hcp,hcr","hcp-hcr",NA
"hda",-1,"hda","hda",NA,NA,NA
"hdeA",-1,"hdeA,hdeB,yhiD",NA,"hdeA,hdeB,yhiD","hdeAB-yhiD","hdeB,yhiD"
"hdeB",-1,"hdeB","hdeB",NA,NA,"hdeB"
"hdeD",1,"hdeD","hdeD",NA,NA,NA
"hdfR",-1,"hdfR","hdfR",NA,NA,NA
"hdhA",-1,"hdhA","hdhA",NA,NA,NA
"helD",1,"helD","helD",NA,NA,NA
"hemA",1,"hemA,prfA,prmC",NA,"hemA,prfA,prmC","hemA-prfA-prmC",NA
"hemB",-1,"hemB","hemB",NA,NA,NA
"hemC",-1,"hemC,hemD,hemX,hemY",NA,"hemC,hemD,hemX,hemY","hemCDXY",NA
"hemG",1,"hemG","hemG",NA,NA,"hemG"
"hemH",1,"hemH","hemH",NA,NA,NA
"hemL",-1,"hemL","hemL",NA,NA,NA
"hemN",1,"hemN","hemN",NA,NA,NA
"hepA",-1,"rapA,rluA",NA,"rapA,rluA","rapA-rluA",NA
"hfq",1,"hfq","hfq",NA,NA,NA
"hipB",-1,"hipB,hipA",NA,"hipB,hipA","hipBA",NA
"hisJ",-1,"hisJ","hisJ",NA,NA,NA
"hisL",1,"hisL,hisG,hisD,hisC,hisB,hisH,hisA,hisF,hisI",NA,"hisL,hisG,hisD,hisC,hisB,hisH,hisA,hisF,hisI","hisLGDCBHAFI",NA
"hisQ",-1,"hisQ","hisQ",NA,NA,NA
"hisS",-1,"hisS","hisS",NA,NA,NA
"hlyE",-1,"hlyE","hlyE",NA,NA,NA
"hofM",-1,"hofM,hofN,hofO,hofP",NA,"hofM,hofN,hofO,hofP","hofMNOP",NA
"hrpA",1,"hrpA","hrpA",NA,NA,NA
"hrpB",1,"hrpB","hrpB",NA,NA,NA
"hscB",-1,"hscB,hscA,fdx,iscX",NA,"hscB,hscA,fdx,iscX","hscBA-fdx-iscX",NA
"hscC",-1,"hscC","hscC",NA,NA,NA
"hsdM",-1,"hsdM","hsdM",NA,NA,"hsdM"
"hsdR",-1,"hsdR,hsdM,hsdS",NA,"hsdR,hsdM,hsdS","hsdRMS","hsdM"
"hslJ",-1,"hslJ","hslJ",NA,NA,NA
"hslV",-1,"hslV,hslU",NA,"hslV,hslU","hslVU",NA
"htpG",1,"htpG","htpG",NA,NA,NA
"htpX",-1,"htpX","htpX",NA,NA,NA
"htrA",1,"degP","degP",NA,NA,NA
"htrL",-1,"htrL","htrL",NA,NA,NA
"hupA",1,"hupA","hupA",NA,NA,NA
"hupB",1,"hupB","hupB",NA,NA,NA
"hyaA",1,"hyaA,hyaB,hyaC,hyaD,hyaE,hyaF",NA,"hyaA,hyaB,hyaC,hyaD,hyaE,hyaF","hyaABCDEF",NA
"hybO",-1,"hybO,hybA,hybB,hybC,hybD,hybE,hybF,hybG",NA,"hybO,hybA,hybB,hybC,hybD,hybE,hybF,hybG","hybOABCDEFG",NA
"hycB",-1,"hycB","hycB",NA,NA,NA
"hydN",-1,"hydN,hypF",NA,"hydN,hypF","hydN-hypF",NA
"hyfR",1,"hyfR","hyfR",NA,NA,NA
"iaaA",1,"iaaA,gsiA,gsiB,gsiC,gsiD",NA,"iaaA,gsiA,gsiB,gsiC,gsiD","iaaA-gsiABCD",NA
"iap",1,"iap","iap",NA,NA,NA
"ibpB",-1,"ibpB","ibpB",NA,NA,NA
"icd",1,"icd","icd",NA,NA,NA
"idi",1,"idi","idi",NA,NA,NA
"idnK",1,"idnK","idnK",NA,NA,NA
"idnR",-1,"idnR","idnR",NA,NA,NA
"idnT",-1,"idnT","idnT",NA,NA,NA
"ihfB",1,"ihfB","ihfB",NA,NA,"ihfB"
"ileV",1,"ileT","ileT",NA,NA,"ileT"
"ileX",1,"ileX","ileX",NA,NA,NA
"ilvC",1,"ilvC","ilvC",NA,NA,NA
"ilvD",1,"ilvD","ilvD",NA,NA,"ilvD"
"ilvI",1,"ilvI,ilvH",NA,"ilvI,ilvH","ilvIH",NA
"ilvL",1,"ilvL,ilvX,ilvG_1,ilvG_2,ilvM,ilvE,ilvD,ilvA",NA,"ilvL,ilvX,ilvG_1,ilvG_2,ilvM,ilvE,ilvD,ilvA","ilvLXG_1G_2MEDA","ilvD"
"ilvY",-1,"ilvY","ilvY",NA,NA,NA
"imp",-1,"lptD,surA,pdxA,rsmA,apaG,apaH",NA,"lptD,surA,pdxA,rsmA,apaG,apaH","lptD-surA-pdxA-rsmA-apaGH",NA
"inaA",-1,"inaA","inaA",NA,NA,NA
"infA",-1,"infA","infA",NA,NA,NA
"insA_1",-1,"insA-1,insAB-1,insB-1",NA,"insA-1,insAB-1,insB-1","insAB-1A-1B-1",NA
"insA_2",-1,"insA-2,insAB-2,insB-2,afuB,afuC",NA,"insA-2,insAB-2,insB-2,afuB,afuC","insAB-2A-2B-2-afuBC",NA
"insA_3",-1,"insA-3,insAB-3,insB-3",NA,"insA-3,insAB-3,insB-3","insAB-3A-3B-3",NA
"insA_7",1,"insA","insA",NA,NA,NA
"insB_4",1,"insA-4,insAB-4,insB-4",NA,"insA-4,insAB-4,insB-4","insA-4AB-4B-4",NA
"intA",1,"intA","intA",NA,NA,NA
"intB",1,"intB","intB","intB","intB",NA
"intF",-1,"intF","intF",NA,NA,NA
"intS",1,"intS","intS",NA,NA,NA
"intZ",1,"intZ","intZ",NA,NA,NA
"iscR",-1,"iscR,iscS,iscU,iscA",NA,"iscR,iscS,iscU,iscA","iscRSUA","iscS"
"iscS",-1,"iscS","iscS",NA,NA,"iscS"
"ispB",1,"ispB","ispB",NA,NA,NA
"katE",1,"katE","katE",NA,NA,NA
"katG",1,"katG","katG",NA,NA,NA
"kbaZ",1,"kbaZ,agaV,agaW,agaA",NA,"kbaZ,agaV,agaW,agaA","kbaZ-agaVWA",NA
"kbl",-1,"kbl,tdh",NA,"kbl,tdh","kbl-tdh",NA
"kch",-1,"kch","kch",NA,NA,NA
"kdgR",-1,"kdgR","kdgR",NA,NA,NA
"kdsB",1,"kdsB","kdsB",NA,NA,NA
"kdtA",1,"waaA,coaD",NA,"waaA,coaD","waaA-coaD",NA
"kefF",1,"kefF,kefC",NA,"kefF,kefC","kefFC",NA
"kefG",-1,"kefG,kefB,yheV",NA,"kefG,kefB,yheV","kefGB-yheV",NA
"kil",-1,"kilR,ydaE",NA,"kilR,ydaE","kilR-ydaE",NA
"lacA",-1,"lacA","lacA",NA,NA,"lacA"
"lacI",-1,"lacI","lacI",NA,NA,"lacI"
"lacY",-1,"lacY","lacY",NA,NA,"lacY"
"lacZ",-1,"lacZ,lacY,lacA",NA,"lacZ,lacY,lacA","lacZYA","lacY,lacA"
"lctP",1,"lldP,lldR,lldD",NA,"lldP,lldR,lldD","lldPRD",NA
"ldhA",-1,"ldhA","ldhA",NA,NA,NA
"lepA",-1,"lepA,lepB",NA,"lepA,lepB","lepAB",NA
"leuA",-1,"leuA","leuA",NA,NA,NA
"leuS",-1,"leuS,lptE,holA,nadD,cobC",NA,"leuS,lptE,holA,nadD,cobC","leuS-lptE-holA-nadD-cobC",NA
"lexA",1,"lexA,dinF",NA,"lexA,dinF","lexA-dinF",NA
"lgt",-1,"lgt,thyA",NA,"lgt,thyA","lgt-thyA",NA
"ligA",-1,"ligA,ypeB",NA,"ligA,ypeB","ligA-ypeB",NA
"ligB",-1,"ligB","ligB",NA,NA,NA
"ligT",-1,"thpR","thpR",NA,NA,NA
"lipA",-1,"lipA","lipA",NA,NA,NA
"lipB",-1,"lipB","lipB",NA,NA,NA
"lit",1,"lit","lit",NA,NA,NA
"lolA",1,"lolA,rarA",NA,"lolA,rarA","lolA-rarA",NA
"lolB",-1,"lolB,ispE,prs",NA,"lolB,ispE,prs","lolB-ispE-prs",NA
"lolC",1,"lolC,lolD,lolE",NA,"lolC,lolD,lolE","lolCDE",NA
"lon",1,"lon","lon",NA,NA,"lon"
"lpd",1,"lpd","lpd",NA,NA,"lpd"
"lpp",1,"lpp","lpp",NA,NA,NA
"lpxC",1,"lpxC","lpxC",NA,NA,"lpxC"
"lpxP",1,"lpxP","lpxP",NA,NA,NA
"lsrR",-1,"lsrR,lsrK",NA,"lsrR,lsrK","lsrRK","lsrK"
"luxS",-1,"luxS","luxS",NA,NA,NA
"lysA",-1,"lysA","lysA",NA,NA,NA
"lysR",1,"lysR","lysR",NA,NA,NA
"lysU",-1,"lysU","lysU",NA,NA,NA
"macA",1,"macA,macB",NA,"macA,macB","macAB",NA
"maeB",-1,"maeB","maeB",NA,NA,NA
"malE",-1,"malE,malF,malG",NA,"malE,malF,malG","malEFG","malF"
"malF",-1,"malF","malF",NA,NA,"malF"
"malI",-1,"malI","malI",NA,NA,NA
"malS",1,"malS","malS",NA,NA,NA
"malX",1,"malX,malY",NA,"malX,malY","malXY",NA
"manX",1,"manX,manY,manZ",NA,"manX,manY,manZ","manXYZ","manY"
"manY",1,"manY","manY",NA,NA,"manY"
"map",-1,"map,glnD,dapD",NA,"map,glnD,dapD","map-glnD-dapD",NA
"marC",-1,"marC","marC",NA,NA,NA
"marR",1,"marR,marA,marB",NA,"marR,marA,marB","marRAB",NA
"mazE",-1,"mazE","mazE",NA,NA,"mazE"
"mazG",-1,"mazG","mazG",NA,NA,"mazG"
"mcrA",1,"mcrA","mcrA",NA,NA,NA
"mcrB",-1,"mcrB,mcrC",NA,"mcrB,mcrC","mcrBC",NA
"mdoB",-1,"opgB","opgB",NA,NA,NA
"mdtG",-1,"mdtG","mdtG",NA,NA,NA
"mdtH",-1,"mdtH","mdtH",NA,NA,NA
"mdtK",1,"mdtK","mdtK",NA,NA,NA
"mdtN",-1,"mdtN,mdtO,mdtP,ytcA","ytcA","mdtN,mdtO,mdtP","mdtNOP","mdtO"
"mdtO",-1,"mdtO","mdtO",NA,NA,"mdtO"
"menD",-1,"menD","menD",NA,NA,"menD"
"menF",-1,"menF,menD,menH,menB,menC,menE",NA,"menF,menD,menH,menB,menC,menE","menFDHBCE","menD"
"metA",1,"metA","metA",NA,NA,NA
"metB",1,"metB,metL",NA,"metB,metL","metBL",NA
"metC",1,"metC","metC",NA,NA,NA
"metE",1,"metE","metE",NA,NA,NA
"metF",1,"metF","metF",NA,NA,NA
"metG",1,"metG","metG",NA,NA,NA
"metJ",-1,"metJ","metJ",NA,NA,NA
"metK",1,"metK","metK",NA,NA,NA
"metR",-1,"metR","metR",NA,NA,NA
"mfd",-1,"mfd","mfd",NA,NA,NA
"mglA",-1,"mglA","mglA",NA,NA,"mglA"
"mglB",-1,"mglB,mglA,mglC",NA,"mglB,mglA,mglC","mglBAC","mglA"
"mgsA",-1,"mgsA","mgsA",NA,NA,NA
"mhpR",-1,"mhpR,lacI",NA,"mhpR,lacI","mhpR-lacI","lacI"
"minC",-1,"minC,minD,minE",NA,"minC,minD,minE","minCDE",NA
"mipA",-1,"mipA","mipA",NA,NA,NA
"mlc",-1,"mlc,ynfK",NA,"mlc,ynfK","mlc-ynfK","ynfK"
"mltC",1,"mltC","mltC",NA,NA,"mltC"
"mltD",-1,"mltD","mltD",NA,NA,NA
"mngR",-1,"mngR","mngR",NA,NA,NA
"mntR",1,"mntR,ybiR",NA,"mntR,ybiR","mntR-ybiR",NA
"moaA",1,"moaA,moaB,moaC,moaD,moaE",NA,"moaA,moaB,moaC,moaD,moaE","moaABCDE",NA
"mobA",-1,"mobA,mobB",NA,"mobA,mobB","mobAB",NA
"modF",-1,"modF","modF",NA,NA,NA
"moeA",-1,"moeA,moeB",NA,"moeA,moeB","moeAB",NA
"mog",1,"mog","mog",NA,NA,NA
"molR_2",1,"molR_2","molR_2",NA,NA,NA
"motA",-1,"motA,motB,cheA,cheW",NA,"motA,motB,cheA,cheW","motAB-cheAW",NA
"mqo",-1,"mqo","mqo",NA,NA,NA
"mraZ",1,"mraZ,rsmH,ftsL,ftsI,murE,murF,mraY,murD,ftsW,murG,murC,ddlB,ftsQ,ftsA,ftsZ,lpxC",NA,"mraZ,rsmH,ftsL,ftsI,murE,murF,mraY,murD,ftsW,murG,murC,ddlB,ftsQ,ftsA,ftsZ,lpxC","mraZ-rsmH-ftsLI-murEF-mraY-murD-ftsW-murGC-ddlB-ftsQAZ-lpxC","murC,ftsQ,ftsZ,lpxC"
"mrcB",1,"mrcB","mrcB",NA,NA,NA
"mreC",-1,"mreC","mreC",NA,NA,NA
"mrp",-1,"mrp","mrp",NA,NA,NA
"mrr",1,"mrr","mrr",NA,NA,NA
"msbB",-1,"lpxM","lpxM",NA,NA,NA
"mscL",1,"mscL","mscL",NA,NA,NA
"mscS",-1,"mscS","mscS",NA,NA,NA
"msrA",-1,"msrA","msrA",NA,NA,NA
"mtr",-1,"mtr","mtr",NA,NA,NA
"mug",-1,"mug","mug",NA,NA,NA
"murA",-1,"murA","murA",NA,NA,"murA"
"murB",1,"murB,birA",NA,"murB,birA","murB-birA",NA
"murC",1,"murC","murC",NA,NA,"murC"
"mutH",1,"mutH","mutH",NA,NA,NA
"mutM",-1,"mutM","mutM",NA,NA,NA
"mutS",1,"mutS","mutS",NA,NA,NA
"mutT",1,"mutT","mutT",NA,NA,"mutT"
"mutY",1,"mutY,yggX,mltC,nupG",NA,"mutY,yggX,mltC,nupG","mutY-yggX-mltC-nupG","mltC,nupG"
"mviN",1,"murJ","murJ",NA,NA,NA
"nac",-1,"nac","nac",NA,NA,NA
"nadC",-1,"nadC","nadC",NA,NA,NA
"nadK",1,"nadK","nadK",NA,NA,NA
"nagA",-1,"nagA","nagA",NA,NA,"nagA"
"nagB",-1,"nagB,nagA,nagC,umpH",NA,"nagB,nagA,nagC,umpH","nagBAC-umpH","nagA"
"nagE",1,"nagE","nagE",NA,NA,NA
"nanA",-1,"nanA,nanT,nanE,nanK,yhcH",NA,"nanA,nanT,nanE,nanK,yhcH","nanATEK-yhcH","nanT"
"nanT",-1,"nanT","nanT",NA,NA,"nanT"
"napF",-1,"napF,napD,napA,napG,napH,napB,napC,ccmA,ccmB,ccmC,ccmD,ccmE,ccmF,ccmG,ccmH",NA,"napF,napD,napA,napG,napH,napB,napC,ccmA,ccmB,ccmC,ccmD,ccmE,ccmF,ccmG,ccmH","napFDAGHBC-ccmABCDEFGH",NA
"narQ",1,"narQ","narQ",NA,NA,NA
"narU",-1,"narU","narU",NA,NA,NA
"narX",-1,"narX,narL",NA,"narX,narL","narXL",NA
"narZ",-1,"narZ,narY,narW,narV",NA,"narZ,narY,narW,narV","narZYWV",NA
"ndh",1,"ndh","ndh",NA,NA,NA
"ndk",-1,"ndk","ndk",NA,NA,NA
"nfnB",-1,"nfsB","nfsB",NA,NA,NA
"nfo",1,"nfo","nfo",NA,NA,NA
"nfrB",-1,"nfrB,nfrA",NA,"nfrB,nfrA","nfrBA",NA
"nhaA",1,"nhaA,nhaR",NA,"nhaA,nhaR","nhaAR",NA
"nhoA",1,"nhoA","nhoA",NA,NA,NA
"nlpA",-1,"nlpA","nlpA",NA,NA,NA
"nlpC",-1,"nlpC","nlpC",NA,NA,NA
"nlpD",-1,"nlpD,rpoS",NA,"nlpD,rpoS","nlpD-rpoS","rpoS"
"nlpI",-1,"nlpI","nlpI",NA,NA,NA
"nmpC",-1,"nmpC","nmpC",NA,NA,NA
"nohA",-1,"nohA,ydfN,tfaQ",NA,"nohA,ydfN,tfaQ","nohA-ydfN-tfaQ",NA
"nohB",1,"nohB","nohB",NA,NA,NA
"norR",-1,"norR","norR",NA,NA,NA
"norV",1,"norV,norW",NA,"norV,norW","norVW",NA
"nrdB",1,"nrdB","nrdB",NA,NA,NA
"nrdD",-1,"nrdD,nrdG",NA,"nrdD,nrdG","nrdDG","nrdG"
"nrdG",-1,"nrdG","nrdG",NA,NA,"nrdG"
"nrdH",1,"nrdH,nrdI,nrdE,nrdF",NA,"nrdH,nrdI,nrdE,nrdF","nrdHIEF",NA
"nrfA",1,"nrfA,nrfB,nrfC,nrfD,nrfE,nrfF,nrfG",NA,"nrfA,nrfB,nrfC,nrfD,nrfE,nrfF,nrfG","nrfABCDEFG","nrfE"
"nrfE",1,"nrfE","nrfE",NA,NA,"nrfE"
"nudB",-1,"nudB,yebC,ruvC",NA,"nudB,yebC,ruvC","nudB-yebC-ruvC",NA
"nudC",1,"nudC,hemE,nfi",NA,"nudC,hemE,nfi","nudC-hemE-nfi",NA
"nudE",-1,"nudE","nudE",NA,NA,NA
"nudF",-1,"nudF,yqiB,cpdA,yqiA,parE",NA,"nudF,yqiB,cpdA,yqiA,parE","nudF-yqiB-cpdA-yqiA-parE","cpdA"
"nudG",1,"nudG","nudG",NA,NA,NA
"nudH",-1,"rppH,ptsP",NA,"rppH,ptsP","rppH-ptsP",NA
"nuoM",-1,"nuoM","nuoM",NA,NA,NA
"nupC",1,"nupC","nupC",NA,NA,NA
"nupG",1,"nupG","nupG",NA,NA,"nupG"
"nupX",-1,"nupX","nupX",NA,NA,NA
"ompA",-1,"ompA","ompA",NA,NA,NA
"ompC",-1,"ompC","ompC",NA,NA,NA
"ompG",1,"ompG","ompG",NA,NA,NA
"ompN",-1,"ompN","ompN",NA,NA,NA
"ompR",-1,"ompR,envZ",NA,"ompR,envZ","ompR-envZ",NA
"ompT",-1,"ompT","ompT",NA,NA,"ompT"
"ompW",1,"ompW","ompW",NA,NA,NA
"ompX",1,"ompX","ompX",NA,NA,NA
"oppB",1,"oppB","oppB",NA,NA,NA
"osmB",-1,"osmB","osmB",NA,NA,NA
"osmC",1,"osmC","osmC",NA,NA,NA
"osmE",-1,"osmE","osmE",NA,NA,NA
"otsB",-1,"otsB,otsA",NA,"otsB,otsA","otsBA",NA
"oxyR",1,"oxyR","oxyR",NA,NA,NA
"paaX",1,"paaX,paaY",NA,"paaX,paaY","paaXY",NA
"pabC",1,"pabC,mltG,tmk,holB,ycfH",NA,"pabC,mltG,tmk,holB,ycfH","pabC-mltG-tmk-holB-ycfH",NA
"pagB",-1,"yjbD","yjbD",NA,NA,NA
"panB",-1,"panB,panC",NA,"panB,panC","panBC",NA
"panD",-1,"panD","panD",NA,NA,NA
"panE",-1,"panE,yajL",NA,"panE,yajL","panE-yajL",NA
"parC",-1,"parC","parC",NA,NA,NA
"pbpG",-1,"pbpG","pbpG",NA,NA,NA
"pck",1,"pck","pck",NA,NA,NA
"pcnB",-1,"pcnB,folK",NA,"pcnB,folK","pcnB-folK",NA
"pdhR",1,"pdhR,aceE,aceF,lpd",NA,"pdhR,aceE,aceF,lpd","pdhR-aceEF-lpd","lpd"
"pdxB",-1,"pdxB,usg,truA,dedA",NA,"pdxB,usg,truA,dedA","pdxB-usg-truA-dedA","usg,dedA"
"pdxH",-1,"pdxH,tyrS,pdxY",NA,"pdxH,tyrS,pdxY","pdxH-tyrS-pdxY","tyrS,pdxY"
"pdxK",-1,"pdxK","pdxK",NA,NA,NA
"pdxY",-1,"pdxY","pdxY",NA,NA,"pdxY"
"pepB",-1,"pepB","pepB",NA,NA,NA
"pepD",-1,"pepD","pepD",NA,NA,NA
"pepE",-1,"pepE","pepE",NA,NA,NA
"pepN",1,"pepN","pepN",NA,NA,NA
"pepQ",1,"pepQ,yigZ,trkH,hemG",NA,"pepQ,yigZ,trkH,hemG","pepQ-yigZ-trkH-hemG","hemG"
"pepT",1,"pepT","pepT",NA,NA,NA
"perR",-1,"perR","perR",NA,NA,NA
"pfkA",1,"pfkA","pfkA",NA,NA,NA
"pfkB",1,"pfkB","pfkB",NA,NA,NA
"pflA",-1,"pflA","pflA",NA,NA,NA
"pgi",1,"pgi","pgi",NA,NA,NA
"pgk",-1,"pgk","pgk",NA,NA,NA
"pgmI",1,"gpmM,envC,yibQ",NA,"gpmM,envC,yibQ","gpmM-envC-yibQ",NA
"pgpB",1,"pgpB","pgpB",NA,NA,NA
"pgsA",-1,"pgsA","pgsA",NA,NA,NA
"pheL",1,"pheL,pheA",NA,"pheL,pheA","pheLA",NA
"pheM",-1,"pheM","pheM",NA,NA,NA
"pheP",1,"pheP","pheP",NA,NA,NA
"pheS",-1,"pheS","pheS",NA,NA,NA
"phnC",-1,"phnC,phnD,phnE_1,phnE_2,phnF,phnG,phnH,phnI,phnJ,phnK,phnL,phnM,phnN,phnO,phnP",NA,"phnC,phnD,phnE_1,phnE_2,phnF,phnG,phnH,phnI,phnJ,phnK,phnL,phnM,phnN,phnO,phnP","phnCDE_1E_2FGHIJKLMNOP","phnL"
"phnL",-1,"phnL","phnL",NA,NA,"phnL"
"phoA",1,"phoA,psiF",NA,"phoA,psiF","phoA-psiF","psiF"
"phoB",1,"phoB,phoR",NA,"phoB,phoR","phoBR","phoR"
"phoH",1,"phoH","phoH",NA,NA,NA
"phoP",-1,"phoP,phoQ",NA,"phoP,phoQ","phoPQ",NA
"phoR",1,"phoR","phoR",NA,NA,"phoR"
"pinE",1,"pinE","pinE",NA,NA,NA
"pinH",-1,"pinH","pinH","pinH","pinH",NA
"pinR",-1,"pinR","pinR",NA,NA,NA
"pitA",1,"pitA","pitA",NA,NA,NA
"pitB",-1,"pitB","pitB",NA,NA,NA
"pldA",1,"pldA","pldA",NA,NA,NA
"pldB",1,"pldB,yigL",NA,"pldB,yigL","pldB-yigL",NA
"plsB",-1,"plsB","plsB",NA,NA,NA
"plsC",-1,"plsC","plsC",NA,NA,NA
"plsX",1,"plsX","plsX",NA,NA,NA
"pmbA",1,"pmbA","pmbA",NA,NA,NA
"pmrD",-1,"pmrD","pmrD",NA,NA,NA
"pncB",-1,"pncB","pncB",NA,NA,NA
"pnp",-1,"pnp","pnp",NA,NA,NA
"pntA",-1,"pntA,pntB",NA,"pntA,pntB","pntAB",NA
"polA",1,"polA","polA",NA,NA,NA
"polB",-1,"polB","polB",NA,NA,NA
"potA",-1,"potA,potB,potC,potD",NA,"potA,potB,potC,potD","potABCD",NA
"potF",1,"potF,potG,potH,potI",NA,"potF,potG,potH,potI","potFGHI",NA
"poxB",-1,"poxB,ltaE,ybjT",NA,"poxB,ltaE,ybjT","poxB-ltaE-ybjT",NA
"ppa",-1,"ppa","ppa",NA,NA,NA
"ppdD",-1,"ppdD,hofB,hofC",NA,"ppdD,hofB,hofC","ppdD-hofBC",NA
"pphA",-1,"pphA,sdsR","pphA,sdsR","sdsR","sdsR",NA
"ppiA",-1,"ppiA","ppiA",NA,NA,NA
"ppiB",-1,"ppiB,lpxH",NA,"ppiB,lpxH","ppiB-lpxH",NA
"ppiC",-1,"ppiC","ppiC",NA,NA,NA
"ppiD",1,"ppiD","ppiD",NA,NA,NA
"pppA",-1,"pppA","pppA",NA,NA,NA
"pqiA",1,"pqiA,pqiB",NA,"pqiA,pqiB","pqiAB",NA
"prfB",-1,"prfB","prfB",NA,NA,NA
"prfC",1,"prfC","prfC",NA,NA,NA
"priA",-1,"priA","priA",NA,NA,NA
"priC",-1,"priC,ybaM",NA,"priC,ybaM","priC-ybaM",NA
"prlC",-1,"prlC,rsmJ",NA,"prlC,rsmJ","prlC-rsmJ",NA
"proL",1,"proL","proL",NA,NA,NA
"proQ",-1,"proQ,prc",NA,"proQ,prc","proQ-prc",NA
"proS",-1,"proS","proS",NA,NA,NA
"proX",1,"proX","proX",NA,NA,NA
"prpB",1,"prpB,prpC,prpD,prpE",NA,"prpB,prpC,prpD,prpE","prpBCDE",NA
"prpR",-1,"prpR","prpR",NA,NA,NA
"psiE",1,"psiE","psiE",NA,NA,NA
"psiF",1,"psiF","psiF",NA,NA,"psiF"
"pspB",1,"pspB","pspB",NA,NA,NA
"pspE",1,"pspE","pspE",NA,NA,NA
"pspF",-1,"pspF","pspF",NA,NA,NA
"pstC",-1,"pstC","pstC",NA,NA,"pstC"
"pstS",-1,"pstS,pstC,pstA,pstB,phoU",NA,"pstS,pstC,pstA,pstB,phoU","pstSCAB-phoU","pstC"
"pth",-1,"pth,ychF",NA,"pth,ychF","pth-ychF","ychF"
"ptrB",-1,"ptrB","ptrB",NA,NA,NA
"ptsG",1,"ptsG","ptsG",NA,NA,NA
"purM",1,"purM,purN",NA,"purM,purN","purMN",NA
"purT",1,"purT","purT",NA,NA,NA
"pykF",1,"pykF","pykF",NA,NA,NA
"pyrB",-1,"pyrB","pyrB",NA,NA,NA
"pyrC",-1,"pyrC","pyrC",NA,NA,NA
"pyrG",-1,"pyrG,eno",NA,"pyrG,eno","pyrG-eno","eno"
"pyrH",1,"pyrH","pyrH",NA,NA,NA
"qseB",1,"qseB,qseC",NA,"qseB,qseC","qseBC",NA
"racC",-1,"racC","racC",NA,NA,NA
"racR",-1,"racR","racR",NA,NA,NA
"rbsD",1,"rbsD,rbsA,rbsC,rbsB,rbsK,rbsR",NA,"rbsD,rbsA,rbsC,rbsB,rbsK,rbsR","rbsDACBKR",NA
"rcsA",1,"rcsA","rcsA",NA,NA,NA
"rcsC",-1,"rcsC","rcsC",NA,NA,NA
"rcsF",-1,"rcsF,trmO",NA,"rcsF,trmO","rcsF-trmO",NA
"rdoA",1,"rdoA,dsbA",NA,"rdoA,dsbA","rdoA-dsbA",NA
"recA",-1,"recA,recX",NA,"recA,recX","recAX","recX"
"recE",-1,"recE,recT,ralR,ydaC,xisR,intR",NA,"recE,recT,ralR,ydaC,xisR,intR","recET-ralR-ydaC-xisR-intR",NA
"recX",-1,"recX","recX",NA,NA,"recX"
"relA",-1,"relA,mazE,mazF,mazG",NA,"relA,mazE,mazF,mazG","relA-mazEFG","mazE,mazG"
"relB",-1,"relB,relE,hokD",NA,"relB,relE,hokD","relBE-hokD",NA
"renD",1,"renD,emrE",NA,"renD,emrE","renD-emrE","renD,emrE"
"rfaD",1,"rfaD,waaF,waaC,waaL",NA,"rfaD,waaF,waaC,waaL","rfaD-waaFCL",NA
"rfaH",-1,"rfaH","rfaH",NA,NA,NA
"rfaQ",-1,"waaQ,waaG,waaP,waaS,waaB,waaO,waaJ,waaY,waaZ,waaU",NA,"waaQ,waaG,waaP,waaS,waaB,waaO,waaJ,waaY,waaZ,waaU","waaQGPSBOJYZU","waaZ"
"rfaZ",-1,"waaZ","waaZ",NA,NA,"waaZ"
"rfbA",-1,"rfbA","rfbA",NA,NA,"rfbA"
"rfbB",-1,"rfbB,rfbD,rfbA,rfbC,rfbX",NA,"rfbB,rfbD,rfbA,rfbC,rfbX","rfbBDACX","rfbA"
"rfe",1,"rfe,wzzE,wecB,wecC,rffG,rffH,rffC,wecE,wzxE,rffT,wzyE,rffM",NA,"rfe,wzzE,wecB,wecC,rffG,rffH,rffC,wecE,wzxE,rffT,wzyE,rffM","rfe-wzzE-wecBC-rffGHC-wecE-wzxE-rffT-wzyE-rffM","wzyE"
"rffC",1,"wecD","wecD",NA,NA,NA
"rhaB",-1,"rhaB,rhaA,rhaD",NA,"rhaB,rhaA,rhaD","rhaBAD","rhaD"
"rhaD",-1,"rhaD","rhaD",NA,NA,"rhaD"
"rhaS",1,"rhaS,rhaR",NA,"rhaS,rhaR","rhaSR",NA
"rhaT",-1,"rhaT","rhaT",NA,NA,NA
"rhlB",-1,"rhlB","rhlB",NA,NA,NA
"rhlE",1,"rhlE","rhlE",NA,NA,NA
"rho",1,"rho","rho",NA,NA,"rho"
"rhoL",1,"rhoL,rho",NA,"rhoL,rho","rhoL-rho","rho"
"rhsA",1,"rhsA,yibA",NA,"rhsA,yibA","rhsA-yibA",NA
"rhsB",1,"rhsB","rhsB",NA,NA,NA
"rhsD",1,"rhsD,ybbC,ylbH,ybbD",NA,"rhsD,ybbC,ylbH,ybbD","rhsD-ybbC-ylbH-ybbD","ybbC"
"rhsE",1,"rhsE,ydcD","rhsE","rhsE,ydcD","rhsE-ydcD",NA
"rhtB",-1,"rhtB","rhtB",NA,NA,NA
"ribA",-1,"ribA","ribA",NA,NA,NA
"ribB",-1,"sroG,ribB","ribB","sroG,ribB","sroG-ribB",NA
"ribC",1,"ribE","ribE",NA,NA,"ribE"
"ribE",-1,"ribC","ribC",NA,NA,NA
"rihA",-1,"rihA","rihA",NA,NA,NA
"rihC",1,"rihC","rihC",NA,NA,NA
"rimJ",1,"rimJ","rimJ",NA,NA,NA
"rimL",1,"rimL","rimL",NA,NA,NA
"rlmB",1,"rlmB","rlmB",NA,NA,"rlmB"
"rluB",1,"rluB","rluB",NA,NA,NA
"rluC",1,"rluC","rluC",NA,NA,NA
"rluD",-1,"rluD,yfiH",NA,"rluD,yfiH","rluD-yfiH",NA
"rluE",-1,"rluE,nudJ",NA,"rluE,nudJ","rluE-nudJ",NA
"rluF",1,"rluF","rluF",NA,NA,NA
"rmf",1,"rmf","rmf",NA,NA,NA
"rmuC",1,"rmuC","rmuC",NA,NA,NA
"rna",-1,"rna","rna",NA,NA,NA
"rnd",-1,"rnd","rnd",NA,NA,NA
"rne",-1,"rne","rne",NA,NA,NA
"rnhA",-1,"rnhA","rnhA",NA,NA,NA
"rnk",-1,"rnk","rnk",NA,NA,NA
"rnt",1,"rnt,lhr",NA,"rnt,lhr","rnt-lhr",NA
"rob",-1,"rob","rob",NA,NA,NA
"rof",-1,"yaeP,rof",NA,"yaeP,rof","yaeP-rof",NA
"rpe",-1,"rpe","rpe",NA,NA,"rpe"
"rph",-1,"rph,pyrE",NA,"rph,pyrE","rph-pyrE",NA
"rpiA",-1,"rpiA","rpiA",NA,NA,NA
"rplL",1,"rplL","rplL",NA,NA,NA
"rplN",-1,"rplN,rplX,rplE,rpsN,rpsH,rplF,rplR,rpsE,rpmD,rplO,secY,rpmJ",NA,"rplN,rplX,rplE,rpsN,rpsH,rplF,rplR,rpsE,rpmD,rplO,secY,rpmJ","rplNXE-rpsNH-rplFR-rpsE-rpmD-rplO-secY-rpmJ",NA
"rplT",-1,"rplT","rplT",NA,NA,NA
"rplY",1,"rplY","rplY",NA,NA,NA
"rpmB",-1,"rpmB","rpmB",NA,NA,NA
"rpmE",1,"rpmE","rpmE",NA,NA,NA
"rpmI",-1,"rpmI","rpmI",NA,NA,NA
"rpoD",1,"rpoD","rpoD",NA,NA,"rpoD"
"rpoE",-1,"rpoE,rseA,rseB,rseC",NA,"rpoE,rseA,rseB,rseC","rpoE-rseABC",NA
"rpoH",-1,"rpoH","rpoH",NA,NA,NA
"rpoS",-1,"rpoS","rpoS",NA,NA,"rpoS"
"rpsA",1,"rpsA","rpsA",NA,NA,"rpsA"
"rpsB",1,"tff,rpsB,tsf","rpsB","tff,rpsB,tsf","tff-rpsB-tsf","tsf"
"rpsG",-1,"rpsG","rpsG",NA,NA,"rpsG"
"rpsJ",-1,"rpsJ,rplC,rplD,rplW,rplB,rpsS,rplV,rpsC,rplP,rpmC,rpsQ",NA,"rpsJ,rplC,rplD,rplW,rplB,rpsS,rplV,rpsC,rplP,rpmC,rpsQ","rpsJ-rplCDWB-rpsS-rplV-rpsC-rplP-rpmC-rpsQ",NA
"rpsL",-1,"rpsL,rpsG,fusA,tufA",NA,"rpsL,rpsG,fusA,tufA","rpsLG-fusA-tufA","rpsG,tufA"
"rpsM",-1,"rpsM,rpsK,rpsD,rpoA,rplQ",NA,"rpsM,rpsK,rpsD,rpoA,rplQ","rpsMKD-rpoA-rplQ",NA
"rpsO",-1,"rpsO","rpsO",NA,NA,NA
"rpsP",-1,"rpsP,rimM,trmD,rplS",NA,"rpsP,rimM,trmD,rplS","rpsP-rimM-trmD-rplS",NA
"rpsT",-1,"rpsT","rpsT",NA,NA,NA
"rpsU",1,"rpsU,dnaG,rpoD",NA,"rpsU,dnaG,rpoD","rpsU-dnaG-rpoD","rpoD"
"rrlA",1,"rrlA","rrlA",NA,NA,"rrlA"
"rrlB",1,"rrlE","rrlE",NA,NA,"rrlE"
"rrlD",-1,"rrlD","rrlD",NA,NA,"rrlD"
"rrlE",1,"rrlE","rrlE",NA,NA,"rrlE"
"rrlG",-1,"rrlG","rrlG",NA,NA,"rrlG"
"rrlH",1,"rrlA","rrlA",NA,NA,"rrlA"
"rrmA",-1,"rlmA","rlmA",NA,NA,NA
"rrnA",1,"rrsA,ileT,alaT,rrlA,rrfA",NA,"rrsA,ileT,alaT,rrlA,rrfA","rrsA-ileT-alaT-rrlA-rrfA","ileT,rrlA"
"rrnB",1,"rrsB,gltT,rrlB,rrfB",NA,"rrsB,gltT,rrlB,rrfB","rrsB-gltT-rrlB-rrfB",NA
"rrnC",1,"rrsC,gltU,rrlC,rrfC",NA,"rrsC,gltU,rrlC,rrfC","rrsC-gltU-rrlC-rrfC",NA
"rrnD",-1,"rrsD,ileU,alaU,rrlD,rrfD,thrV,rrfF",NA,"rrsD,ileU,alaU,rrlD,rrfD,thrV,rrfF","rrsD-ileU-alaU-rrlD-rrfD-thrV-rrfF","rrlD"
"rrnG",-1,"rrsG,gltW,rrlG,rrfG",NA,"rrsG,gltW,rrlG,rrfG","rrsG-gltW-rrlG-rrfG","rrlG"
"rrnH",1,"rrsH,ileV,alaV,rrlH,rrfH",NA,"rrsH,ileV,alaV,rrlH,rrfH","rrsH-ileV-alaV-rrlH-rrfH",NA
"rsd",-1,"rsd","rsd",NA,NA,NA
"rssA",1,"rssA,rssB",NA,"rssA,rssB","rssAB","rssB"
"rssB",1,"rssB","rssB",NA,NA,"rssB"
"rstA",1,"rstA,rstB",NA,"rstA,rstB","rstAB",NA
"rsuA",-1,"rsuA","rsuA",NA,NA,NA
"rumA",-1,"rlmD","rlmD",NA,NA,NA
"ruvA",-1,"ruvA,ruvB",NA,"ruvA,ruvB","ruvAB",NA
"sanA",1,"sanA,yeiS",NA,"sanA,yeiS","sanA-yeiS",NA
"sapA",-1,"sapA,sapB,sapC,sapD,sapF",NA,"sapA,sapB,sapC,sapD,sapF","sapABCDF",NA
"sbcB",1,"sbcB","sbcB",NA,NA,NA
"sbmA",1,"sbmA,yaiW",NA,"sbmA,yaiW","sbmA-yaiW","yaiW"
"sbmC",-1,"sbmC","sbmC",NA,NA,NA
"sdaA",1,"sdaA","sdaA",NA,NA,NA
"sdhC",1,"sdhC,sdhD,sdhA,sdhB,sucA,sucB,sucC,sucD",NA,"sdhC,sdhD,sdhA,sdhB,sucA,sucB,sucC,sucD","sdhCDAB-sucABCD","sucA"
"secA",1,"secA","secA",NA,NA,"secA"
"secB",-1,"secB","secB",NA,NA,NA
"secE",1,"secE,nusG",NA,"secE,nusG","secE-nusG",NA
"secM",1,"secM,secA,mutT",NA,"secM,secA,mutT","secMA-mutT","secA,mutT"
"selA",-1,"selA,selB",NA,"selA,selB","selAB",NA
"selC",1,"selC","selC",NA,NA,NA
"selD",-1,"selD","selD",NA,NA,"selD"
"seqA",1,"seqA,pgm",NA,"seqA,pgm","seqA-pgm",NA
"serA",-1,"serA","serA",NA,NA,NA
"serB",1,"serB,radA,nadR",NA,"serB,radA,nadR","serB-radA-nadR",NA
"serC",1,"serC,aroA",NA,"serC,aroA","serC-aroA",NA
"serU",-1,"serU","serU",NA,NA,NA
"serW",-1,"serW","serW",NA,NA,NA
"serX",-1,"serX","serX",NA,NA,NA
"setA",1,"sgrS,sgrT,setA","setA","sgrS,sgrT,setA","sgrST-setA",NA
"setB",1,"setB","setB",NA,NA,NA
"sfmA",1,"sfmA","sfmA",NA,NA,NA
"sfmC",1,"sfmC,sfmD",NA,"sfmC,sfmD","sfmCD",NA
"shiA",1,"shiA","shiA",NA,NA,NA
"sieB",1,"sieB","sieB",NA,NA,NA
"sirA",-1,"tusA","tusA",NA,NA,NA
"skp",1,"skp","skp",NA,NA,"skp"
"slp",1,"slp,dctR",NA,"slp,dctR","slp-dctR",NA
"slt",1,"slt","slt",NA,NA,NA
"slyA",-1,"slyA","slyA",NA,NA,NA
"slyB",1,"slyB","slyB",NA,NA,NA
"slyD",-1,"slyD","slyD",NA,NA,NA
"slyX",1,"slyX","slyX",NA,NA,NA
"smf",-1,"smf","smf",NA,NA,NA
"smpA",1,"bamE","bamE",NA,NA,NA
"smpB",1,"smpB","smpB",NA,NA,NA
"smtA",1,"cmoM,mukF,mukE,mukB",NA,"cmoM,mukF,mukE,mukB","cmoM-mukFEB",NA
"sodA",1,"sodA","sodA",NA,NA,NA
"sodB",1,"sodB","sodB",NA,NA,NA
"sodC",-1,"sodC","sodC",NA,NA,NA
"sohA",1,"prlF,yhaV",NA,"prlF,yhaV","prlF-yhaV",NA
"sohB",1,"sohB","sohB",NA,NA,NA
"solA",-1,"solA,yceO",NA,"solA,yceO","solA-yceO",NA
"somA",-1,"ybjX","ybjX",NA,NA,NA
"soxR",1,"soxR","soxR",NA,NA,NA
"soxS",-1,"soxS","soxS",NA,NA,NA
"speB",-1,"speB","speB",NA,NA,NA
"speC",-1,"speC","speC",NA,NA,NA
"speE",-1,"speE","speE",NA,NA,NA
"speF",-1,"speF,potE",NA,"speF,potE","speF-potE",NA
"sppA",1,"sppA","sppA",NA,NA,NA
"spr",1,"mepS","mepS",NA,NA,NA
"spy",-1,"spy","spy",NA,NA,NA
"srlR",1,"srlR","srlR",NA,NA,NA
"srmB",1,"srmB","srmB",NA,NA,NA
"ssb",1,"ssb","ssb",NA,NA,NA
"sscR",1,"queD","queD",NA,NA,NA
"sseA",1,"sseA","sseA",NA,NA,NA
"sseB",-1,"sseB","sseB",NA,NA,NA
"sspA",-1,"sspA,sspB",NA,"sspA,sspB","sspAB",NA
"ssrA",1,"ssrA","ssrA",NA,NA,NA
"sstT",1,"sstT","sstT",NA,NA,NA
"ssuE",-1,"ssuE,ssuA,ssuD,ssuC,ssuB",NA,"ssuE,ssuA,ssuD,ssuC,ssuB","ssuEADCB",NA
"stfE",-1,"stfE,tfaE","stfE","stfE,tfaE","stfE-tfaE",NA
"stfR",1,"stfR","stfR",NA,NA,NA
"sthA",-1,"sthA","sthA",NA,NA,NA
"stpA",-1,"stpA","stpA",NA,NA,NA
"sufI",-1,"ftsP","ftsP",NA,NA,NA
"sulA",-1,"sulA","sulA",NA,NA,NA
"syd",-1,"syd","syd",NA,NA,NA
"talA",1,"talA,tktB",NA,"talA,tktB","talA-tktB","tktB"
"talB",1,"talB","talB",NA,NA,NA
"tam",1,"tam","tam",NA,NA,"tam"
"tar",-1,"tar,tap,cheR,cheB,cheY,cheZ",NA,"tar,tap,cheR,cheB,cheY,cheZ","tar-tap-cheRBYZ",NA
"tatE",1,"tatE","tatE",NA,NA,NA
"tdcB",-1,"tdcB","tdcB",NA,NA,NA
"tdcG_2",-1,"tdcG","tdcG",NA,NA,NA
"tesB",-1,"tesB","tesB",NA,NA,NA
"tgt",1,"tgt,yajC,secD,secF",NA,"tgt,yajC,secD,secF","tgt-yajC-secDF","yajC"
"thiC",-1,"thiC,thiE,thiF,thiS,thiG,thiH",NA,"thiC,thiE,thiF,thiS,thiG,thiH","thiCEFSGH",NA
"thiI",1,"thiI","thiI",NA,NA,NA
"thiL",1,"thiL","thiL",NA,NA,"thiL"
"thiM",-1,"thiM,thiD",NA,"thiM,thiD","thiMD",NA
"thrU",1,"thrU,tyrU,glyT,thrT,tufB",NA,"thrU,tyrU,glyT,thrT,tufB","thrU-tyrU-glyT-thrT-tufB","tufB"
"tig",1,"tig","tig",NA,NA,NA
"tilS",1,"tilS","tilS",NA,NA,NA
"tktB",1,"tktB","tktB",NA,NA,"tktB"
"tnaC",1,"tnaC,tnaA,tnaB",NA,"tnaC,tnaA,tnaB","tnaCAB",NA
"tolA",1,"tolA","tolA",NA,NA,"tolA"
"tolB",1,"tolB,pal,cpoB",NA,"tolB,pal,cpoB","tolB-pal-cpoB",NA
"tolC",1,"tolC,ygiA,ygiB,ygiC",NA,"tolC,ygiA,ygiB,ygiC","tolC-ygiABC",NA
"tonB",1,"tonB","tonB",NA,NA,NA
"torR",-1,"torR","torR",NA,NA,NA
"torS",-1,"torS","torS",NA,NA,NA
"torT",1,"torT","torT",NA,NA,NA
"torY",-1,"torY,torZ",NA,"torY,torZ","torYZ",NA
"tpiA",-1,"tpiA","tpiA",NA,NA,NA
"treA",-1,"treA","treA",NA,NA,NA
"treB",-1,"treB,treC",NA,"treB,treC","treBC",NA
"treF",1,"treF","treF",NA,NA,NA
"trkA",1,"trkA","trkA",NA,NA,NA
"trmA",-1,"trmA","trmA",NA,NA,NA
"trmE",1,"mnmE","mnmE",NA,NA,NA
"trmU",-1,"mnmA","mnmA",NA,NA,NA
"trpL",-1,"trpL,trpE,trpD,trpC,trpB,trpA",NA,"trpL,trpE,trpD,trpC,trpB,trpA","trpLEDCBA",NA
"trpR",1,"trpR","trpR",NA,NA,NA
"trxA",1,"trxA","trxA",NA,NA,NA
"trxC",1,"trxC","trxC",NA,NA,NA
"tsf",1,"tsf","tsf",NA,NA,"tsf"
"ttdA",1,"ttdA,ttdB,ttdT",NA,"ttdA,ttdB,ttdT","ttdABT",NA
"tufA",-1,"tufA","tufA",NA,NA,"tufA"
"tufB",1,"tufB","tufB",NA,NA,"tufB"
"tyrB",1,"tyrB","tyrB",NA,NA,NA
"tyrP",1,"tyrP","tyrP",NA,NA,NA
"tyrS",-1,"tyrS","tyrS",NA,NA,"tyrS"
"ubiC",1,"ubiC,ubiA",NA,"ubiC,ubiA","ubiCA",NA
"ubiE",1,"ubiE,ubiJ,ubiB",NA,"ubiE,ubiJ,ubiB","ubiEJB",NA
"ubiF",1,"ubiF","ubiF",NA,NA,NA
"ubiG",1,"ubiG","ubiG",NA,NA,NA
"ubiX",-1,"ubiX","ubiX",NA,NA,"ubiX"
"ucpA",-1,"ucpA","ucpA",NA,NA,NA
"udk",-1,"udk,dcd",NA,"udk,dcd","udk-dcd","dcd"
"udp",1,"udp","udp",NA,NA,NA
"ugd",-1,"ugd","ugd",NA,NA,NA
"ugpA",-1,"ugpA","ugpA",NA,NA,"ugpA"
"ugpB",-1,"ugpB,ugpA,ugpE,ugpC,ugpQ",NA,"ugpB,ugpA,ugpE,ugpC,ugpQ","ugpBAECQ","ugpA"
"uhpA",-1,"uhpA","uhpA",NA,NA,NA
"uhpT",-1,"uhpT","uhpT",NA,NA,NA
"uidA",-1,"uidA,uidB,uidC",NA,"uidA,uidB,uidC","uidABC","uidC"
"uidC",-1,"uidC","uidC",NA,NA,"uidC"
"umuD",1,"umuD,umuC",NA,"umuD,umuC","umuDC",NA
"ung",1,"ung","ung",NA,NA,NA
"upp",-1,"upp,uraA",NA,"upp,uraA","upp-uraA",NA
"usg",-1,"usg","usg",NA,NA,"usg"
"ushA",1,"ushA","ushA",NA,NA,NA
"uspA",1,"uspA","uspA",NA,NA,NA
"uspB",-1,"uspB","uspB",NA,NA,NA
"uspE",-1,"uspE","uspE",NA,NA,NA
"uspF",-1,"uspF","uspF",NA,NA,NA
"uspG",-1,"uspG","uspG",NA,NA,NA
"uvrA",-1,"uvrA","uvrA",NA,NA,NA
"uvrC",-1,"uvrC","uvrC",NA,NA,"uvrC"
"uvrD",1,"uvrD","uvrD",NA,NA,NA
"uvrY",-1,"uvrY,uvrC",NA,"uvrY,uvrC","uvrYC","uvrC"
"uxaC",-1,"uxaC,uxaA",NA,"uxaC,uxaA","uxaCA",NA
"uxuA",1,"uxuA,uxuB",NA,"uxuA,uxuB","uxuAB",NA
"uxuR",1,"uxuR","uxuR",NA,NA,NA
"vacJ",-1,"mlaA","mlaA",NA,NA,NA
"valV",1,"valV,valW","valW","valV,valW","valVW",NA
"wrbA",-1,"wrbA,yccJ",NA,"wrbA,yccJ","wrbA-yccJ",NA
"xapA",-1,"xapA,xapB",NA,"xapA,xapB","xapAB",NA
"xasA",-1,"gadC","gadC",NA,NA,"gadC"
"xseA",1,"xseA","xseA",NA,NA,NA
"xseB",-1,"xseB,ispA,dxs,yajO",NA,"xseB,ispA,dxs,yajO","xseB-ispA-dxs-yajO","yajO"
"xthA",1,"xthA","xthA",NA,NA,NA
"xylB",-1,"xylB","xylB",NA,NA,NA
"xylE",-1,"xylE","xylE",NA,NA,NA
"xylF",1,"xylF,xylG,xylH,xylR",NA,"xylF,xylG,xylH,xylR","xylFGHR","xylG"
"xylG",1,"xylG","xylG",NA,NA,"xylG"
"yaaH",-1,"satP","satP",NA,NA,NA
"yaaI",-1,"yaaI","yaaI",NA,NA,NA
"yaaJ",-1,"yaaJ","yaaJ",NA,NA,NA
"yaaU",1,"yaaU","yaaU",NA,NA,NA
"yaaW",-1,"yaaW","yaaW",NA,NA,NA
"yabI",1,"yabI","yabI",NA,NA,NA
"yabN",-1,"sgrR,sroA,tbpA,thiP,thiQ",NA,"sgrR,sroA,tbpA,thiP,thiQ","sgrR-sroA-tbpA-thiPQ",NA
"yabP",1,"yabP,yabQ",NA,"yabP,yabQ","yabPQ",NA
"yacG",-1,"yacG","yacG",NA,NA,"yacG"
"yacH",-1,"yacH","yacH",NA,NA,NA
"yacL",1,"yacL","yacL",NA,NA,NA
"yadC",-1,"yadC","yadC",NA,NA,NA
"yadF",-1,"can","can",NA,NA,NA
"yadG",1,"yadG,yadH",NA,"yadG,yadH","yadGH",NA
"yadK",-1,"yadK","yadK",NA,NA,NA
"yadN",-1,"yadN","yadN",NA,NA,NA
"yadR",1,"erpA","erpA",NA,NA,NA
"yadS",-1,"yadS","yadS",NA,NA,NA
"yaeH",-1,"yaeH","yaeH",NA,NA,NA
"yaeQ",1,"yaeQ,arfB,nlpE",NA,"yaeQ,arfB,nlpE","yaeQ-arfB-nlpE",NA
"yafC",-1,"yafC","yafC",NA,NA,NA
"yafD",1,"yafD,yafE",NA,"yafD,yafE","yafDE",NA
"yafJ",1,"yafJ","yafJ",NA,NA,NA
"yafK",-1,"yafK","yafK",NA,NA,NA
"yafL",1,"yafL","yafL",NA,NA,NA
"yafM",1,"rayT","rayT",NA,NA,NA
"yafS",1,"yafS","yafS",NA,NA,NA
"yafT",1,"yafT","yafT",NA,NA,NA
"yafU",-1,"yafU","yafU","yafU","yafU",NA
"yafV",-1,"yafV","yafV",NA,NA,NA
"yafZ",-1,"yafZ","yafZ",NA,NA,"yafZ"
"yagB",-1,"yagB","yagB",NA,NA,NA
"yagE",1,"yagE,yagF",NA,"yagE,yagF","yagEF",NA
"yagG",1,"yagG,yagH",NA,"yagG,yagH","yagGH",NA
"yagI",-1,"yagI","yagI",NA,NA,NA
"yagJ",1,"yagJ","yagJ","yagJ","yagJ",NA
"yagM",-1,"yagM,yagL",NA,"yagM,yagL","yagML",NA
"yagT",-1,"paoA,paoB,paoC,paoD",NA,"paoA,paoB,paoC,paoD","paoABCD",NA
"yagU",1,"yagU","yagU",NA,NA,NA
"yagY",-1,"ecpB,ecpC,ecpD,ecpE",NA,"ecpB,ecpC,ecpD,ecpE","ecpBCDE",NA
"yagZ",-1,"ecpA","ecpA",NA,NA,NA
"yahB",-1,"yahB","yahB",NA,NA,NA
"yahC",-1,"yahC","yahC",NA,NA,NA
"yahD",1,"yahD,yahE,yahF,yahG",NA,"yahD,yahE,yahF,yahG","yahDEFG",NA
"yahK",1,"yahK","yahK",NA,NA,NA
"yahM",1,"yahM","yahM",NA,NA,NA
"yahN",-1,"yahN","yahN",NA,NA,NA
"yahO",1,"yahO","yahO",NA,NA,NA
"yaiA",1,"yaiA","yaiA",NA,NA,"yaiA"
"yaiB",1,"iraP","iraP",NA,NA,NA
"yaiE",1,"yaiE","yaiE",NA,NA,NA
"yaiI",1,"yaiI","yaiI",NA,NA,NA
"yaiM",-1,"frmB","frmB",NA,NA,"frmB"
"yaiN",-1,"frmR,frmA,frmB",NA,"frmR,frmA,frmB","frmRAB","frmB"
"yaiP",-1,"yaiP","yaiP",NA,NA,NA
"yaiW",1,"yaiW","yaiW",NA,NA,"yaiW"
"yaiX",-1,"yaiX,yaiO","yaiO","yaiX,yaiO","yaiXO",NA
"yaiZ",1,"yaiZ","yaiZ",NA,NA,NA
"yajB",-1,"acpH","acpH",NA,NA,NA
"yajC",1,"yajC","yajC",NA,NA,"yajC"
"yajG",-1,"yajG,ampG",NA,"yajG,ampG","yajG-ampG",NA
"yajO",-1,"yajO","yajO",NA,NA,"yajO"
"yajR",-1,"yajR","yajR",NA,NA,NA
"ybaA",1,"ybaA","ybaA",NA,NA,NA
"ybaB",1,"ybaB,recR",NA,"ybaB,recR","ybaB-recR",NA
"ybaD",1,"nrdR,ribD,ribE,nusB,thiL,pgpA",NA,"nrdR,ribD,ribE,nusB,thiL,pgpA","nrdR-ribDE-nusB-thiL-pgpA","ribE,thiL"
"ybaE",-1,"ybaE","ybaE",NA,NA,NA
"ybaK",-1,"ybaK","ybaK",NA,NA,NA
"ybaL",-1,"ybaL","ybaL",NA,NA,NA
"ybaN",1,"ybaN","ybaN",NA,NA,NA
"ybaO",1,"decR","decR",NA,NA,NA
"ybaP",-1,"ybaP","ybaP",NA,NA,NA
"ybaQ",1,"ybaQ","ybaQ",NA,NA,NA
"ybaT",1,"ybaT","ybaT",NA,NA,NA
"ybaV",1,"ybaV","ybaV",NA,NA,NA
"ybaY",1,"ybaY","ybaY",NA,NA,NA
"ybbB",-1,"ybbB","ybbB",NA,NA,NA
"ybbC",1,"ybbC","ybbC",NA,NA,"ybbC"
"ybbL",1,"fetA,fetB",NA,"fetA,fetB","fetAB",NA
"ybcK",1,"ybcK","ybcK",NA,NA,NA
"ybcL",1,"ybcL,ybcM",NA,"ybcL,ybcM","ybcLM",NA
"ybcV",-1,"ybcV","ybcV",NA,NA,NA
"ybcW",1,"ybcW","ybcW",NA,NA,NA
"ybcY",-1,"ybcY","ybcY","ybcY","ybcY",NA
"ybdF",-1,"ybdF","ybdF",NA,NA,NA
"ybdG",-1,"ybdG","ybdG",NA,NA,NA
"ybdH",-1,"ybdH","ybdH",NA,NA,NA
"ybdK",-1,"ybdK","ybdK",NA,NA,NA
"ybdL",1,"ybdL","ybdL",NA,NA,NA
"ybdN",-1,"ybdN","ybdN",NA,NA,NA
"ybdR",1,"ybdR","ybdR",NA,NA,NA
"ybeB",-1,"rsfS,rlmH,mrdA,mrdB,rlpA",NA,"rsfS,rlmH,mrdA,mrdB,rlpA","rsfS-rlmH-mrdAB-rlpA",NA
"ybeF",-1,"ybeF","ybeF",NA,NA,NA
"ybeL",1,"ybeL","ybeL",NA,NA,NA
"ybeQ",-1,"ybeQ","ybeQ",NA,NA,NA
"ybeR",1,"ybeR,djlB",NA,"ybeR,djlB","ybeR-djlB",NA
"ybeT",-1,"ybeT","ybeT",NA,NA,NA
"ybeU",1,"ybeU,djlC",NA,"ybeU,djlC","ybeU-djlC",NA
"ybeZ",-1,"ybeZ,ybeY,ybeX,lnt",NA,"ybeZ,ybeY,ybeX,lnt","ybeZYX-lnt",NA
"ybfD",1,"ybfD","ybfD",NA,NA,NA
"ybfE",-1,"ybfE","ybfE",NA,NA,NA
"ybfF",-1,"ybfF","ybfF",NA,NA,NA
"ybgA",1,"ybgA,phr",NA,"ybgA,phr","ybgA-phr",NA
"ybgC",1,"ybgC,tolQ,tolR,tolA",NA,"ybgC,tolQ,tolR,tolA","ybgC-tolQRA","tolA"
"ybgD",-1,"ybgD","ybgD",NA,NA,NA
"ybgH",-1,"dtpD","dtpD",NA,NA,NA
"ybgI",1,"ybgI,ybgJ,ybgK,ybgL,nei",NA,"ybgI,ybgJ,ybgK,ybgL,nei","ybgIJKL-nei",NA
"ybgQ",-1,"ybgQ,ybgP,ybgO",NA,"ybgQ,ybgP,ybgO","ybgQPO",NA
"ybgS",-1,"ybgS","ybgS",NA,NA,NA
"ybhA",-1,"ybhA","ybhA",NA,NA,NA
"ybhC",-1,"ybhC","ybhC",NA,NA,NA
"ybhD",-1,"ybhD","ybhD",NA,NA,NA
"ybhE",1,"pgl","pgl",NA,NA,NA
"ybhI",1,"ybhI","ybhI",NA,NA,NA
"ybhJ",1,"ybhJ","ybhJ",NA,NA,NA
"ybhK",-1,"ybhK","ybhK",NA,NA,NA
"ybhM",1,"ybhM","ybhM",NA,NA,NA
"ybhQ",1,"ybhQ","ybhQ",NA,NA,NA
"ybiA",-1,"ybiA","ybiA",NA,NA,NA
"ybiF",-1,"rhtA","rhtA",NA,NA,NA
"ybiH",-1,"cecR,ybhG,ybhF,ybhS,ybhR",NA,"cecR,ybhG,ybhF,ybhS,ybhR","cecR-ybhGFSR",NA
"ybiJ",-1,"ybiJ","ybiJ",NA,NA,NA
"ybiM",-1,"mcbA","mcbA",NA,NA,NA
"ybiN",1,"rlmF","rlmF",NA,NA,NA
"ybiO",-1,"ybiO","ybiO",NA,NA,NA
"ybiS",-1,"ldtB","ldtB",NA,NA,NA
"ybiU",-1,"ybiU","ybiU",NA,NA,NA
"ybiV",-1,"ybiV","ybiV",NA,NA,NA
"ybjC",1,"ybjC,nfsA,rimK,ybjN",NA,"ybjC,nfsA,rimK,ybjN","ybjC-nfsA-rimK-ybjN","ybjN"
"ybjE",-1,"lysO","lysO",NA,NA,NA
"ybjG",-1,"ybjG","ybjG",NA,NA,NA
"ybjH",-1,"ybjH","ybjH",NA,NA,NA
"ybjJ",-1,"ybjJ,ybjI",NA,"ybjJ,ybjI","ybjJI",NA
"ybjK",1,"rcdA","rcdA",NA,NA,NA
"ybjL",-1,"ybjL","ybjL",NA,NA,NA
"ybjM",1,"ybjM","ybjM",NA,NA,NA
"ybjN",1,"ybjN","ybjN",NA,NA,"ybjN"
"ybjO",1,"ybjO,rlmC",NA,"ybjO,rlmC","ybjO-rlmC",NA
"ybjP",-1,"ybjP","ybjP",NA,NA,NA
"ybjQ",1,"ybjQ,amiD",NA,"ybjQ,amiD","ybjQ-amiD",NA
"ybjS",-1,"ybjS","ybjS",NA,NA,NA
"ycaC",-1,"ycaC","ycaC",NA,NA,NA
"ycaD",1,"ycaD","ycaD",NA,NA,NA
"ycaI",1,"ycaI,msbA,lpxK,ycaQ",NA,"ycaI,msbA,lpxK,ycaQ","ycaI-msbA-lpxK-ycaQ",NA
"ycaK",1,"ycaK","ycaK",NA,NA,NA
"ycaL",1,"ycaL","ycaL",NA,NA,NA
"ycaN",-1,"ycaN","ycaN",NA,NA,NA
"ycaO",-1,"ycaO","ycaO",NA,NA,NA
"ycaP",1,"ycaP","ycaP",NA,NA,NA
"ycbB",1,"ldtD","ldtD",NA,NA,NA
"ycbC",-1,"elyC","elyC",NA,NA,NA
"ycbK",1,"ycbK,gloC",NA,"ycbK,gloC","ycbK-gloC",NA
"ycbR",1,"elfD,elfC,elfG,ycbU,ycbV,ycbF",NA,"elfD,elfC,elfG,ycbU,ycbV,ycbF","elfDCG-ycbUVF",NA
"ycbW",1,"zapC","zapC",NA,NA,NA
"ycbZ",-1,"ycbZ","ycbZ",NA,NA,NA
"yccA",-1,"yccA","yccA",NA,NA,NA
"yccE",1,"yccE","yccE",NA,NA,NA
"yccF",-1,"yccF,yccS",NA,"yccF,yccS","yccFS",NA
"yccM",-1,"yccM","yccM",NA,NA,NA
"yccR",1,"sxy","sxy",NA,NA,NA
"ycdC",1,"rutR","rutR",NA,NA,NA
"ycdM",-1,"rutA,rutB,rutC,rutD,rutE,rutF,rutG",NA,"rutA,rutB,rutC,rutD,rutE,rutF,rutG","rutABCDEFG",NA
"ycdN",1,"efeU_1,efeU_2",NA,"efeU_1,efeU_2","efeU_1U_2",NA
"ycdO",1,"efeO,efeB",NA,"efeO,efeB","efeOB",NA
"ycdZ",1,"ycdZ","ycdZ",NA,NA,NA
"yceF",-1,"yceF","yceF",NA,NA,NA
"yceK",1,"yceK","yceK",NA,NA,NA
"yceP",-1,"bssS","bssS",NA,NA,NA
"ycfD",-1,"roxA","roxA",NA,NA,NA
"ycfJ",1,"ycfJ","ycfJ",NA,NA,NA
"ycfQ",-1,"comR","comR",NA,NA,NA
"ycfR",1,"bhsA","bhsA",NA,NA,NA
"ycfS",-1,"ldtC","ldtC",NA,NA,NA
"ycfT",-1,"ycfT","ycfT",NA,NA,NA
"ycgE",-1,"bluR","bluR",NA,NA,NA
"ycgF",-1,"bluF","bluF",NA,NA,NA
"ycgH",1,"ycgH_2","ycgH_2",NA,NA,NA
"ycgI",1,"ymgH,ycgI,ymgJ","ycgI,ymgJ","ymgH,ycgI","ymgH-ycgI",NA
"ycgJ",1,"ycgJ","ycgJ",NA,NA,NA
"ycgK",-1,"pliG","pliG",NA,NA,NA
"ycgL",1,"ycgL","ycgL","ycgL","ycgL",NA
"ycgM",1,"ycgM","ycgM",NA,NA,NA
"ycgN",1,"ycgN","ycgN",NA,NA,NA
"ycgR",-1,"ycgR","ycgR",NA,NA,NA
"ycgX",-1,"ycgX","ycgX",NA,NA,NA
"ycgY",1,"ycgY","ycgY",NA,NA,NA
"ychF",-1,"ychF","ychF",NA,NA,"ychF"
"ychH",1,"ychH","ychH",NA,NA,NA
"ychJ",-1,"ychJ","ychJ",NA,NA,NA
"ychM",-1,"dauA","dauA",NA,NA,NA
"yciA",-1,"yciA","yciA",NA,NA,NA
"yciC",-1,"yciC,yciB",NA,"yciC,yciB","yciCB",NA
"yciG",-1,"yciG,yciF,yciE",NA,"yciG,yciF,yciE","yciGFE",NA
"yciI",-1,"yciI","yciI",NA,NA,NA
"yciK",-1,"yciK,btuR",NA,"yciK,btuR","yciK-btuR",NA
"yciS",1,"lapA,lapB,pyrF,yciH",NA,"lapA,lapB,pyrF,yciH","lapAB-pyrF-yciH",NA
"yciT",-1,"yciZ,yciT",NA,"yciZ,yciT","yciZT",NA
"yciW",-1,"yciW","yciW",NA,NA,NA
"ycjG",1,"ycjG","ycjG",NA,NA,NA
"ycjK",-1,"puuA,puuP",NA,"puuA,puuP","puuAP",NA
"ycjL",1,"puuD,puuR,puuC,puuB,puuE",NA,"puuD,puuR,puuC,puuB,puuE","puuDRCBE","puuC"
"ycjM",1,"ycjM,ycjN,ycjO,ycjP,ycjQ,ycjR,ycjS,ycjT,ycjU,ycjV,ymjB",NA,"ycjM,ycjN,ycjO,ycjP,ycjQ,ycjR,ycjS,ycjT,ycjU,ycjV,ymjB","ycjMNOPQRSTUV-ymjB",NA
"ycjW",-1,"ycjW","ycjW",NA,NA,NA
"ycjX",1,"ycjX,ycjF,tyrR",NA,"ycjX,ycjF,tyrR","ycjXF-tyrR",NA
"ycjY",-1,"ycjY,ymjD,ymjC,mpaA",NA,"ycjY,ymjD,ymjC,mpaA","ycjY-ymjDC-mpaA",NA
"ycjZ",1,"pgrR","pgrR",NA,NA,NA
"ydaG",-1,"ydaG,ydaF",NA,"ydaG,ydaF","ydaGF",NA
"ydaO",-1,"ttcA","ttcA",NA,NA,NA
"ydaQ",-1,"ydaQ","ydaQ",NA,NA,NA
"ydbC",1,"ydbC","ydbC",NA,NA,NA
"ydbD",1,"ydbD","ydbD",NA,NA,NA
"ydbH",1,"ydbH,ynbE,ydbL",NA,"ydbH,ynbE,ydbL","ydbH-ynbE-ydbL",NA
"ydcA",1,"ydcA","ydcA",NA,NA,NA
"ydcF",1,"ydcF","ydcF",NA,NA,NA
"ydcG",1,"opgD","opgD",NA,NA,NA
"ydcI",-1,"ydcI","ydcI",NA,NA,NA
"ydcJ",1,"ydcJ","ydcJ",NA,NA,NA
"ydcK",-1,"ydcK","ydcK",NA,NA,NA
"ydcL",1,"ydcL","ydcL",NA,NA,NA
"ydcM",1,"insQ","insQ",NA,NA,NA
"ydcR",1,"ydcR","ydcR",NA,NA,NA
"ydcS",1,"ydcS,ydcT,ydcU,ydcV,patD",NA,"ydcS,ydcT,ydcU,ydcV,patD","ydcSTUV-patD",NA
"ydcX",1,"ydcX","ydcX",NA,NA,NA
"yddA",-1,"yddA,yddB",NA,"yddA,yddB","yddAB",NA
"yddE",-1,"yddE","yddE",NA,NA,NA
"yddH",-1,"yddH","yddH",NA,NA,NA
"yddL",-1,"yddL,yddK,yddJ",NA,"yddL,yddK,yddJ","yddLKJ",NA
"yddM",-1,"yddM","yddM",NA,NA,NA
"yddW",-1,"yddW","yddW",NA,NA,NA
"ydeA",1,"ydeA","ydeA",NA,NA,NA
"ydeI",-1,"ydeI","ydeI",NA,NA,NA
"ydeJ",1,"ydeJ","ydeJ",NA,NA,NA
"ydeO",-1,"ydeO","ydeO",NA,NA,NA
"ydeP",-1,"ydeP","ydeP",NA,NA,NA
"ydeQ",-1,"ydeQ","ydeQ",NA,NA,NA
"ydeV",-1,"lsrK","lsrK",NA,NA,"lsrK"
"ydfA",1,"ydfA,ydfB,ydfC",NA,"ydfA,ydfB,ydfC","ydfABC",NA
"ydfE",1,"ydfE","ydfE",NA,NA,NA
"ydfH",1,"ydfH","ydfH",NA,NA,NA
"ydfI",-1,"ydfI","ydfI",NA,NA,NA
"ydfO",1,"ynfO,ydfO",NA,"ynfO,ydfO","ynfO-ydfO",NA
"ydfV",1,"ydfV","ydfV",NA,NA,NA
"ydfZ",1,"ydfZ","ydfZ",NA,NA,NA
"ydgA",1,"ydgA","ydgA",NA,NA,NA
"ydgC",-1,"ydgC","ydgC",NA,NA,NA
"ydgD",1,"ydgD,ydgU","ydgD,ydgU",NA,NA,NA
"ydgH",1,"ydgH","ydgH",NA,NA,NA
"ydgI",1,"ydgI,folM",NA,"ydgI,folM","ydgI-folM",NA
"ydgK",1,"ydgK,rsxA,rsxB,rsxC,rsxD,rsxG,rsxE,nth",NA,"ydgK,rsxA,rsxB,rsxC,rsxD,rsxG,rsxE,nth","ydgK-rsxABCDGE-nth","rsxA"
"ydgL",1,"rsxA","rsxA",NA,NA,"rsxA"
"ydgR",1,"dtpA","dtpA",NA,NA,NA
"ydhB",-1,"ydhB","ydhB",NA,NA,NA
"ydhD",-1,"grxD","grxD",NA,NA,NA
"ydhH",-1,"anmK","anmK",NA,NA,NA
"ydhO",1,"mepH","mepH",NA,NA,NA
"ydhP",-1,"ydhP,ynhF","ydhP,ynhF",NA,NA,NA
"ydhQ",-1,"ydhQ","ydhQ",NA,NA,NA
"ydhR",1,"ydhR","ydhR",NA,NA,NA
"ydhS",1,"ydhS","ydhS",NA,NA,NA
"ydhZ",-1,"ydhZ","ydhZ",NA,NA,NA
"ydiF",1,"ydiF,ydiO",NA,"ydiF,ydiO","ydiFO",NA
"ydiL",1,"rprA,ydiL","rprA,ydiL",NA,NA,NA
"ydiM",1,"ydiM","ydiM",NA,NA,NA
"ydiP",-1,"ydiP","ydiP",NA,NA,NA
"ydiQ",1,"ydiQ,ydiR,ydiS,ydiT,fadK",NA,"ydiQ,ydiR,ydiS,ydiT,fadK","ydiQRST-fadK","ydiS"
"ydiS",1,"ydiS","ydiS",NA,NA,"ydiS"
"ydiU",-1,"ydiU","ydiU",NA,NA,NA
"ydiV",-1,"ydiV","ydiV",NA,NA,NA
"ydiY",-1,"ydiY","ydiY",NA,NA,NA
"ydjA",-1,"ydjA,selD,topB",NA,"ydjA,selD,topB","ydjA-selD-topB","selD"
"ydjF",-1,"ydjF","ydjF",NA,NA,NA
"ydjL",-1,"ydjL,ydjK,ydjJ,ydjI,ydjH,ydjG",NA,"ydjL,ydjK,ydjJ,ydjI,ydjH,ydjG","ydjLKJIHG",NA
"ydjN",1,"tcyP","tcyP",NA,NA,NA
"ydjX",1,"ydjX,ydjY,ydjZ,ynjA,ynjB,ynjC,ynjD",NA,"ydjX,ydjY,ydjZ,ynjA,ynjB,ynjC,ynjD","ydjXYZ-ynjABCD",NA
"yeaE",-1,"yeaE","yeaE",NA,NA,NA
"yeaH",1,"yeaH","yeaH",NA,NA,NA
"yeaL",1,"yeaL","yeaL",NA,NA,NA
"yeaM",-1,"nimR","nimR",NA,NA,NA
"yeaP",1,"dgcP","dgcP",NA,NA,NA
"yeaS",-1,"leuE","leuE",NA,NA,NA
"yeaT",-1,"dmlR","dmlR",NA,NA,NA
"yeaU",1,"dmlA","dmlA",NA,NA,NA
"yeaV",1,"yeaV,yeaW",NA,"yeaV,yeaW","yeaVW",NA
"yeaX",1,"yeaX","yeaX",NA,NA,NA
"yeaZ",-1,"tsaB,yeaY",NA,"tsaB,yeaY","tsaB-yeaY",NA
"yebA",-1,"mepM","mepM",NA,NA,NA
"yebB",1,"yebB","yebB",NA,NA,NA
"yebE",-1,"yebE","yebE",NA,NA,NA
"yebF",-1,"yebF","yebF",NA,NA,NA
"yebG",-1,"yebG","yebG",NA,NA,NA
"yebO",-1,"yebO","yebO",NA,NA,NA
"yebQ",1,"yebQ","yebQ",NA,NA,NA
"yebR",-1,"msrC","msrC",NA,NA,NA
"yebS",1,"yebS,yebT",NA,"yebS,yebT","yebST",NA
"yebU",1,"rsmF","rsmF",NA,NA,NA
"yecF",1,"yecF","yecF",NA,NA,NA
"yecH",-1,"yecH","yecH",NA,NA,NA
"yecM",-1,"yecM,cutC",NA,"yecM,cutC","yecM-cutC",NA
"yedP",1,"yedP","yedP",NA,NA,NA
"yedQ",-1,"dgcQ","dgcQ",NA,NA,NA
"yedW",-1,"yedW,yedV",NA,"yedW,yedV","yedWV",NA
"yedX",1,"yedX","yedX",NA,NA,NA
"yedY",1,"msrP,msrQ",NA,"msrP,msrQ","msrPQ",NA
"yeeA",-1,"yeeA","yeeA",NA,NA,NA
"yeeE",-1,"yeeE,yeeD",NA,"yeeE,yeeD","yeeED",NA
"yeeI",1,"mtfA","mtfA",NA,NA,NA
"yeeJ",1,"asnT","asnT",NA,NA,NA
"yeeO",-1,"yeeO","yeeO",NA,NA,NA
"yeeR",1,"yeeR,yeeS,yeeT,cbeA,cbtA,yeeW",NA,"yeeR,yeeS,yeeT,cbeA,cbtA,yeeW","yeeRST-cbeA-cbtA-yeeW","cbeA,cbtA"
"yeeU",1,"cbeA","cbeA",NA,NA,"cbeA"
"yeeV",1,"cbtA","cbtA",NA,NA,"cbtA"
"yeeX",-1,"yeeX","yeeX",NA,NA,NA
"yegE",1,"dgcE","dgcE",NA,NA,NA
"yegP",1,"yegP","yegP",NA,NA,NA
"yegT",1,"yegT,yegU,yegV",NA,"yegT,yegU,yegV","yegTUV",NA
"yegW",-1,"yegW","yegW",NA,NA,NA
"yehD",-1,"yehD,yehC,yehB,yehA",NA,"yehD,yehC,yehB,yehA","yehDCBA",NA
"yehS",-1,"yehS","yehS",NA,NA,NA
"yehZ",-1,"osmF,yehY,yehX,yehW",NA,"osmF,yehY,yehX,yehW","osmF-yehYXW",NA
"yeiC",-1,"psuK,psuG",NA,"psuK,psuG","psuKG",NA
"yeiE",-1,"yeiE","yeiE",NA,NA,NA
"yeiG",1,"yeiG","yeiG",NA,NA,NA
"yeiM",-1,"psuT","psuT",NA,NA,NA
"yeiP",1,"yeiP","yeiP",NA,NA,NA
"yeiT",1,"preT,preA",NA,"preT,preA","preTA",NA
"yejA",1,"yejA,yejB,yejE,yejF",NA,"yejA,yejB,yejE,yejF","yejABEF",NA
"yejG",-1,"yejG","yejG",NA,NA,NA
"yejH",1,"radD","radD",NA,NA,NA
"yejK",-1,"yejK","yejK",NA,NA,NA
"yejL",1,"yejL,yejM",NA,"yejL,yejM","yejLM",NA
"yejO",-1,"yejO","yejO",NA,NA,NA
"yfaD",1,"yfaD,ypaA",NA,"yfaD,ypaA","yfaD-ypaA",NA
"yfaL",-1,"yfaL","yfaL",NA,NA,NA
"yfaY",-1,"yfaY","yfaY",NA,NA,NA
"yfbE",1,"arnB,arnC,arnA,arnD,arnT,arnE,arnF","arnB","arnB,arnC,arnA,arnD,arnT,arnE,arnF","arnBCADTEF","arnE"
"yfbJ",1,"arnE","arnE",NA,NA,"arnE"
"yfbM",1,"yfbM","yfbM",NA,NA,NA
"yfbR",1,"yfbR","yfbR",NA,NA,NA
"yfbS",-1,"yfbS","yfbS",NA,NA,NA
"yfbU",-1,"yfbU,yfbT",NA,"yfbU,yfbT","yfbUT",NA
"yfbV",-1,"yfbV","yfbV",NA,NA,NA
"yfcC",1,"yfcC","yfcC",NA,NA,NA
"yfcD",-1,"yfcD","yfcD",NA,NA,NA
"yfcE",-1,"yfcE","yfcE",NA,NA,NA
"yfcG",1,"yfcG","yfcG",NA,NA,NA
"yfcI",-1,"yfcI","yfcI",NA,NA,NA
"yfcJ",-1,"yfcJ","yfcJ",NA,NA,NA
"yfcU",-1,"yfcU,yfcT,yfcS,yfcR,yfcQ,yfcP,yfcO",NA,"yfcU,yfcT,yfcS,yfcR,yfcQ,yfcP,yfcO","yfcUTSRQPO",NA
"yfcV",-1,"yfcV","yfcV",NA,NA,NA
"yfdC",1,"yfdC","yfdC",NA,NA,NA
"yfdG",1,"yfdG,yfdH,yfdI",NA,"yfdG,yfdH,yfdI","yfdGHI",NA
"yfdQ",1,"yfdQ","yfdQ",NA,NA,NA
"yfdV",-1,"yfdV","yfdV",NA,NA,NA
"yfdZ",-1,"alaC","alaC",NA,NA,NA
"yfeK",1,"yfeK,yfeS",NA,"yfeK,yfeS","yfeKS",NA
"yfeN",1,"yfeN","yfeN",NA,NA,NA
"yfeY",-1,"yfeY,yfeX",NA,"yfeY,yfeX","yfeYX",NA
"yffH",-1,"nudK","nudK",NA,NA,NA
"yffS",1,"yffS","yffS",NA,NA,NA
"yfgA",-1,"rodZ","rodZ",NA,NA,NA
"yfgB",-1,"rlmN","rlmN",NA,NA,NA
"yfgH",1,"yfgH,yfgI",NA,"yfgH,yfgI","yfgHI",NA
"yfhB",-1,"pgpC,tadA",NA,"pgpC,tadA","pgpC-tadA",NA
"yfhG",-1,"yfhG","yfhG",NA,NA,NA
"yfhH",1,"yfhH","yfhH",NA,NA,NA
"yfhK",-1,"glmY,glrK","glmY,glrK",NA,NA,NA
"yfhL",1,"yfhL","yfhL",NA,NA,NA
"yfhM",-1,"yfhM,pbpC",NA,"yfhM,pbpC","yfhM-pbpC",NA
"yfhR",1,"yfhR","yfhR",NA,NA,NA
"yfiC",-1,"yfiC","yfiC",NA,NA,NA
"yfiE",-1,"yfiE","yfiE",NA,NA,NA
"yfiF",-1,"yfiF","yfiF",NA,NA,NA
"yfjG",-1,"ratA,ratB",NA,"ratA,ratB","ratAB",NA
"yfjI",1,"yfjI","yfjI",NA,NA,NA
"yfjL",-1,"abpA,abpB",NA,"abpA,abpB","abpAB",NA
"yfjM",-1,"yfjM","yfjM",NA,NA,NA
"yfjN",1,"rnlA,rnlB",NA,"rnlA,rnlB","rnlAB",NA
"yfjP",1,"yfjP,yfjQ",NA,"yfjP,yfjQ","yfjPQ",NA
"yfjR",1,"yfjR,ypjK,yfjS,yfjT",NA,"yfjR,ypjK,yfjS,yfjT","yfjR-ypjK-yfjST",NA
"yfjW",1,"yfjW","yfjW",NA,NA,NA
"ygaQ",1,"ygaQ","ygaQ",NA,NA,NA
"ygaV",1,"ygaV,ygaP",NA,"ygaV,ygaP","ygaVP",NA
"ygaZ",1,"ygaZ,ygaH",NA,"ygaZ,ygaH","ygaZH",NA
"ygbA",-1,"ygbA","ygbA",NA,NA,NA
"ygbI",-1,"ygbI","ygbI",NA,NA,NA
"ygbJ",1,"ygbJ,ygbK",NA,"ygbJ,ygbK","ygbJK",NA
"ygbN",1,"ygbN","ygbN",NA,NA,NA
"ygcB",-1,"cas3","cas3",NA,NA,NA
"ygcF",-1,"queE","queE",NA,NA,NA
"ygcW",-1,"ygcW","ygcW",NA,NA,NA
"ygdI",-1,"ygdI","ygdI",NA,NA,NA
"ygdL",-1,"tcdA","tcdA",NA,NA,NA
"ygdQ",1,"ygdQ","ygdQ",NA,NA,NA
"ygdR",1,"ygdR","ygdR",NA,NA,NA
"ygeA",-1,"ygeA","ygeA",NA,NA,"ygeA"
"ygeF",1,"ygeF","ygeF",NA,NA,NA
"ygeG",1,"ygeG","ygeG",NA,NA,NA
"ygeI",1,"ygeI","ygeI",NA,NA,NA
"ygeQ",-1,"ygeQ","ygeQ",NA,NA,NA
"ygeR",-1,"ygeR","ygeR",NA,NA,NA
"ygeX",1,"ygeX","ygeX",NA,NA,NA
"ygeY",1,"ygeY","ygeY",NA,NA,NA
"ygfF",-1,"ygfF","ygfF",NA,NA,NA
"ygfU",1,"uacT","uacT",NA,NA,NA
"yggD",-1,"yggD","yggD",NA,NA,NA
"yggE",-1,"yggE","yggE",NA,NA,NA
"yggH",-1,"trmI,yggL",NA,"trmI,yggL","trmI-yggL",NA
"yggM",-1,"yggM","yggM",NA,NA,NA
"ygiD",-1,"ygiD","ygiD","ygiD","ygiD",NA
"ygiF",-1,"ygiF,glnE",NA,"ygiF,glnE","ygiF-glnE",NA
"ygiH",1,"ygiH","ygiH",NA,NA,NA
"ygiL",1,"ygiL","ygiL",NA,NA,NA
"ygiP",-1,"ttdR","ttdR",NA,NA,NA
"ygiR",-1,"ygiQ","ygiQ",NA,NA,NA
"ygiS",-1,"ygiS","ygiS",NA,NA,NA
"ygiU",-1,"mqsR,mqsA",NA,"mqsR,mqsA","mqsRA",NA
"ygiW",-1,"ygiW","ygiW",NA,NA,NA
"ygiZ",-1,"ygiZ","ygiZ",NA,NA,NA
"ygjD",-1,"tsaD","tsaD",NA,NA,NA
"ygjG",1,"patA","patA",NA,NA,NA
"ygjH",-1,"ygjH","ygjH",NA,NA,NA
"ygjI",1,"ygjI","ygjI",NA,NA,NA
"ygjJ",1,"ygjJ,ygjK",NA,"ygjJ,ygjK","ygjJK",NA
"ygjN",-1,"higB,higA",NA,"higB,higA","higBA",NA
"ygjO",-1,"rlmG","rlmG",NA,NA,NA
"ygjQ",1,"ygjQ","ygjQ",NA,NA,NA
"ygjR",1,"ygjR","ygjR",NA,NA,NA
"ygjV",-1,"ygjV","ygjV",NA,NA,NA
"yhaH",1,"yhaH","yhaH",NA,NA,NA
"yhaJ",-1,"yhaJ","yhaJ",NA,NA,NA
"yhaK",1,"yhaK,yhaL",NA,"yhaK,yhaL","yhaKL",NA
"yhbC",-1,"rimP","rimP",NA,NA,NA
"yhbE",-1,"yhbE","yhbE",NA,NA,NA
"yhbO",1,"yhbO","yhbO",NA,NA,NA
"yhbP",-1,"yhbP","yhbP",NA,NA,NA
"yhbQ",1,"yhbQ","yhbQ",NA,NA,NA
"yhbT",-1,"yhbT,yhbS",NA,"yhbT,yhbS","yhbTS",NA
"yhbU",1,"yhbU,yhbV",NA,"yhbU,yhbV","yhbUV",NA
"yhbW",1,"yhbW","yhbW",NA,NA,NA
"yhbX",-1,"yhbX","yhbX",NA,NA,NA
"yhcA",1,"yhcA,yhcD,ychE_1",NA,"yhcA,yhcD,ychE_1","yhcAD-ychE_1",NA
"yhcB",1,"yhcB","yhcB",NA,NA,NA
"yhcF",1,"ychE_2,yhcF","yhcF","ychE_2,yhcF","ychE_2-yhcF",NA
"yhcG",1,"yhcG","yhcG",NA,NA,NA
"yhcM",-1,"zapE","zapE",NA,NA,NA
"yhcO",-1,"yhcO","yhcO",NA,NA,NA
"yhdA",-1,"csrD","csrD",NA,NA,NA
"yhdH",1,"yhdH","yhdH",NA,NA,NA
"yhdJ",1,"yhdJ","yhdJ",NA,NA,NA
"yhdN",-1,"yhdN,zntR",NA,"yhdN,zntR","yhdN-zntR",NA
"yhdX",1,"yhdX","yhdX",NA,NA,NA
"yhdY",1,"yhdY","yhdY",NA,NA,NA
"yheO",-1,"yheO,tusD,tusC,tusB",NA,"yheO,tusD,tusC,tusB","yheO-tusDCB",NA
"yheS",1,"yheS,yheT,yheU",NA,"yheS,yheT,yheU","yheSTU",NA
"yhfA",-1,"yhfA","yhfA",NA,NA,NA
"yhfG",-1,"yhfG,fic,pabA",NA,"yhfG,fic,pabA","yhfG-fic-pabA",NA
"yhfK",1,"yhfK","yhfK",NA,NA,NA
"yhfL",1,"yhfL","yhfL",NA,NA,NA
"yhfX",-1,"yhfX,yhfW,php,yhfU,yhfT,yhfS",NA,"yhfX,yhfW,php,yhfU,yhfT,yhfS","yhfXW-php-yhfUTS",NA
"yhfZ",-1,"yhfZ,yhfY",NA,"yhfZ,yhfY","yhfZY",NA
"yhgA",1,"yhgA","yhgA",NA,NA,NA
"yhgE",-1,"yhgE","yhgE",NA,NA,NA
"yhgF",1,"yhgF","yhgF",NA,NA,NA
"yhgN",1,"yhgN","yhgN",NA,NA,NA
"yhhF",1,"rsmD,yhhL",NA,"rsmD,yhhL","rsmD-yhhL",NA
"yhhM",-1,"yhhM","yhhM",NA,NA,NA
"yhhN",1,"yhhN","yhhN",NA,NA,NA
"yhhQ",1,"yhhQ","yhhQ",NA,NA,NA
"yhhT",1,"yhhT","yhhT",NA,NA,NA
"yhhW",-1,"yhhW","yhhW",NA,NA,NA
"yhhY",1,"yhhY","yhhY",NA,NA,NA
"yhhZ",1,"yhhZ,yrhA,insA-6,insAB-6,insB-6",NA,"yhhZ,yrhA,insA-6,insAB-6,insB-6","yhhZ-yrhA-insA-6AB-6B-6",NA
"yhiD",-1,"yhiD","yhiD",NA,NA,"yhiD"
"yhiI",-1,"yhiI,rbbA,yhhJ",NA,"yhiI,rbbA,yhhJ","yhiI-rbbA-yhhJ",NA
"yhiJ",-1,"yhiJ","yhiJ",NA,NA,NA
"yhiP",1,"dtpB","dtpB",NA,NA,NA
"yhiR",1,"rlmJ","rlmJ",NA,NA,NA
"yhjB",-1,"yhjB","yhjB",NA,NA,NA
"yhjC",1,"yhjC","yhjC",NA,NA,NA
"yhjG",-1,"yhjG","yhjG",NA,NA,NA
"yhjJ",-1,"yhjJ","yhjJ",NA,NA,NA
"yhjK",-1,"pdeK","pdeK",NA,NA,NA
"yhjR",-1,"yhjR","yhjR",NA,NA,NA
"yhjX",-1,"yhjX","yhjX",NA,NA,NA
"yhjY",-1,"yhjY","yhjY",NA,NA,NA
"yiaD",1,"yiaD","yiaD",NA,NA,NA
"yiaF",-1,"yiaF","yiaF",NA,NA,NA
"yiaG",1,"yiaG","yiaG",NA,NA,NA
"yiaJ",-1,"yiaJ","yiaJ",NA,NA,NA
"yiaT",-1,"yiaT","yiaT",NA,NA,NA
"yiaU",1,"yiaU","yiaU",NA,NA,NA
"yiaW",-1,"yiaW,yiaV",NA,"yiaW,yiaV","yiaWV",NA
"yibF",-1,"yibF","yibF",NA,NA,NA
"yibK",1,"trmL","trmL",NA,NA,NA
"yibL",1,"yibL","yibL",NA,NA,NA
"yicC",1,"yicC","yicC",NA,NA,NA
"yicH",1,"yicH","yicH",NA,NA,NA
"yidE",-1,"yidE","yidE",NA,NA,NA
"yidH",-1,"yidH,yidG,yidF",NA,"yidH,yidG,yidF","yidHGF",NA
"yidI",1,"yidI","yidI",NA,NA,NA
"yidK",-1,"yidK,yidJ",NA,"yidK,yidJ","yidKJ",NA
"yidL",1,"yidL","yidL",NA,NA,NA
"yidR",-1,"yidR","yidR",NA,NA,NA
"yidS",1,"cbrA","cbrA",NA,NA,NA
"yidX",1,"yidX","yidX",NA,NA,NA
"yieE",1,"yieE,yieF",NA,"yieE,yieF","yieEF",NA
"yieG",-1,"adeP","adeP",NA,NA,NA
"yieH",1,"yieH","yieH",NA,NA,NA
"yifB",-1,"yifB","yifB",NA,NA,NA
"yifE",1,"yifE","yifE",NA,NA,NA
"yifM_2",1,"wzyE","wzyE",NA,NA,"wzyE"
"yigI",-1,"yigI","yigI",NA,NA,NA
"yihD",1,"yihD","yihD",NA,NA,NA
"yihL",1,"yihL,yihM",NA,"yihL,yihM","yihLM",NA
"yihN",1,"yihN","yihN",NA,NA,NA
"yihR",-1,"yihR","yihR",NA,NA,NA
"yihU",-1,"yihU,yihT,yihS",NA,"yihU,yihT,yihS","yihUTS",NA
"yihX",1,"yihX,yihY,dtd,yiiD",NA,"yihX,yihY,dtd,yiiD","yihXY-dtd-yiiD",NA
"yiiF",1,"yiiF","yiiF",NA,NA,NA
"yiiP",1,"fieF","fieF",NA,NA,NA
"yiiQ",-1,"yiiQ","yiiQ",NA,NA,NA
"yiiR",1,"yiiR","yiiR",NA,NA,NA
"yiiU",1,"zapB","zapB",NA,NA,NA
"yijF",-1,"yijF","yijF",NA,NA,NA
"yijO",-1,"yijO","yijO",NA,NA,NA
"yjaB",-1,"yjaB","yjaB",NA,NA,NA
"yjaH",1,"yjaH","yjaH",NA,NA,NA
"yjbB",1,"yjbB","yjbB",NA,NA,NA
"yjbE",1,"yjbE,yjbF,yjbG,yjbH",NA,"yjbE,yjbF,yjbG,yjbH","yjbEFGH",NA
"yjbI",1,"yjbI","yjbI","yjbI","yjbI",NA
"yjbJ",1,"yjbJ","yjbJ",NA,NA,NA
"yjbQ",1,"yjbQ,yjbR",NA,"yjbQ,yjbR","yjbQR",NA
"yjcD",1,"ghxP","ghxP",NA,NA,NA
"yjcE",1,"yjcE","yjcE",NA,NA,NA
"yjcH",-1,"yjcH","yjcH",NA,NA,NA
"yjcO",-1,"yjcO","yjcO",NA,NA,NA
"yjdB",-1,"eptA","eptA",NA,NA,NA
"yjdF",-1,"yjdF","yjdF",NA,NA,NA
"yjdI",1,"yjdI,yjdJ",NA,"yjdI,yjdJ","yjdIJ",NA
"yjdK",1,"ghoS,ghoT",NA,"ghoS,ghoT","ghoST",NA
"yjeB",1,"nsrR,rnr,rlmB,yjfI,yjfJ",NA,"nsrR,rnr,rlmB,yjfI,yjfJ","nsrR-rnr-rlmB-yjfIJ","rlmB,yjfI"
"yjeI",1,"yjeI","yjeI",NA,NA,NA
"yjeK",-1,"epmB","epmB",NA,NA,NA
"yjeN",1,"yjeN,yjeO",NA,"yjeN,yjeO","yjeNO",NA
"yjfI",1,"yjfI","yjfI",NA,NA,"yjfI"
"yjfK",1,"yjfK,yjfL,yjfM,yjfC",NA,"yjfK,yjfL,yjfM,yjfC","yjfKLMC",NA
"yjfQ",-1,"ulaR","ulaR",NA,NA,NA
"yjfY",-1,"yjfY","yjfY",NA,NA,NA
"yjgH",-1,"yjgH","yjgH",NA,NA,NA
"yjgR",-1,"yjgR","yjgR",NA,NA,NA
"yjhI",-1,"yjhI,yjhH,yjhG",NA,"yjhI,yjhH,yjhG","yjhIHG",NA
"yjhS",-1,"nanS","nanS",NA,NA,NA
"yjhU",-1,"yjhU","yjhU",NA,NA,NA
"yjiA",-1,"yjiA","yjiA",NA,NA,"yjiA"
"yjiH",-1,"yjiH,yjiG,iadA",NA,"yjiH,yjiG,iadA","yjiHG-iadA",NA
"yjiJ",-1,"yjiJ","yjiJ",NA,NA,NA
"yjiM",-1,"yjiM,yjiL",NA,"yjiM,yjiL","yjiML",NA
"yjiT",1,"yjiT","yjiT",NA,NA,NA
"yjiW",-1,"symE","symE",NA,NA,NA
"yjiX",-1,"yjiX,yjiA",NA,"yjiX,yjiA","yjiXA","yjiA"
"yjiY",-1,"yjiY","yjiY",NA,NA,NA
"yjjI",-1,"yjjI","yjjI",NA,NA,NA
"yjjJ",1,"yjjJ","yjjJ",NA,NA,NA
"yjjK",-1,"ettA","ettA",NA,NA,NA
"yjjL",-1,"lgoT","lgoT",NA,NA,NA
"yjjU",1,"yjjU,yjjV,ytjA","ytjA","yjjU,yjjV","yjjUV","yjjV"
"yjjV",1,"yjjV","yjjV",NA,NA,"yjjV"
"yjjY",1,"yjjY","yjjY",NA,NA,NA
"ykfA",-1,"ykfA,yafZ",NA,"ykfA,yafZ","ykfA-yafZ","yafZ"
"ykfG",-1,"ykfG","ykfG",NA,NA,NA
"ykfI",-1,"ykfI","ykfI",NA,NA,NA
"ykfJ",1,"ykfJ,prfH","ykfJ","ykfJ,prfH","ykfJ-prfH",NA
"ykgC",-1,"rclA,rclB,rclC",NA,"rclA,rclB,rclC","rclABC","rclB"
"ykgD",1,"rclR","rclR",NA,NA,NA
"ykgE",1,"ykgE,ykgF,ykgG",NA,"ykgE,ykgF,ykgG","ykgEFG","ykgF"
"ykgF",1,"ykgF","ykgF",NA,NA,"ykgF"
"ykgH",-1,"ykgH","ykgH",NA,NA,NA
"ykgI",-1,"rclB","rclB",NA,NA,"rclB"
"ykgJ",-1,"ykgJ","ykgJ",NA,NA,NA
"ykiA",1,"ykiA","ykiA",NA,NA,NA
"ylaB",-1,"pdeB","pdeB",NA,NA,NA
"ylaC",-1,"ylaC","ylaC",NA,NA,NA
"ylbE",1,"ylbE","ylbE",NA,NA,"ylbE"
"ylbG",-1,"ylbG","ylbG",NA,NA,NA
"ylcE",1,"tfaX","tfaX","tfaX","tfaX",NA
"yliE",1,"pdeI,dgcI",NA,"pdeI,dgcI","pdeI-dgcI",NA
"yliG",-1,"rimO","rimO",NA,NA,NA
"yliI",1,"yliI","yliI",NA,NA,NA
"ymcC",-1,"gfcB,gfcC,gfcD",NA,"gfcB,gfcC,gfcD","gfcBCD",NA
"ymcE",1,"ymcE,gnsA",NA,"ymcE,gnsA","ymcE-gnsA",NA
"ymdB",1,"ymdB,clsC",NA,"ymdB,clsC","ymdB-clsC",NA
"ymdE",1,"ymdE","ymdE",NA,NA,NA
"ymfE",-1,"ymfE,ymfD",NA,"ymfE,ymfD","ymfED",NA
"ymfI",1,"ymfI","ymfI",NA,NA,NA
"ymgE",1,"ymgE","ymgE",NA,NA,NA
"ymjA",-1,"ymjA","ymjA",NA,NA,NA
"ynaI",-1,"ynaI","ynaI",NA,NA,NA
"ynbA",1,"ynbA,ynbB,ynbC,ynbD",NA,"ynbA,ynbB,ynbC,ynbD","ynbABCD",NA
"yncA",-1,"mnaT,ydcZ",NA,"mnaT,ydcZ","mnaT-ydcZ",NA
"yncB",1,"curA","curA",NA,NA,NA
"yncC",1,"mcbR","mcbR",NA,NA,NA
"yncD",-1,"yncD","yncD",NA,NA,NA
"yncE",1,"yncE","yncE",NA,NA,NA
"yncG",1,"yncG","yncG",NA,NA,NA
"yncJ",-1,"yncJ","yncJ",NA,NA,NA
"yneE",-1,"yneE","yneE",NA,NA,NA
"yneF",-1,"dgcF","dgcF",NA,NA,NA
"yneH",-1,"yneH,yneG",NA,"yneH,yneG","yneHG",NA
"yneI",-1,"sad","sad",NA,NA,NA
"yneJ",1,"yneJ","yneJ",NA,NA,NA
"yneK",1,"yneK","yneK",NA,NA,NA
"ynfA",-1,"ynfA","ynfA",NA,NA,NA
"ynfB",1,"ynfB,speG",NA,"ynfB,speG","ynfB-speG",NA
"ynfC",-1,"ynfC","ynfC",NA,NA,NA
"ynfE",1,"ynfE,ynfF,ynfG,ynfH,dmsD",NA,"ynfE,ynfF,ynfG,ynfH,dmsD","ynfEFGH-dmsD",NA
"ynfK",-1,"ynfK","ynfK",NA,NA,"ynfK"
"ynfL",-1,"ynfL","ynfL",NA,NA,NA
"ynfM",1,"ynfM","ynfM",NA,NA,NA
"yniA",1,"yniA","yniA",NA,NA,NA
"yniC",1,"yniC","yniC",NA,NA,NA
"ynjF",-1,"ynjF","ynjF",NA,NA,NA
"yoaA",-1,"yoaA","yoaA",NA,NA,NA
"yoaB",1,"yoaB","yoaB",NA,NA,NA
"yoaD",1,"pdeD","pdeD",NA,NA,NA
"yoaE",-1,"yoaE","yoaE",NA,NA,NA
"yoaF",-1,"yoaF","yoaF",NA,NA,NA
"yoaH",-1,"yoaH","yoaH",NA,NA,NA
"yobF",-1,"yobF,cspC",NA,"yobF,cspC","yobF-cspC",NA
"yodB",1,"yodB","yodB",NA,NA,NA
"yohC",-1,"yohC","yohC",NA,NA,NA
"yohD",1,"yohD","yohD",NA,NA,NA
"yohJ",1,"yohJ,yohK",NA,"yohJ,yohK","yohJK",NA
"yohL",-1,"rcnR","rcnR",NA,NA,NA
"yohM",1,"rcnA,rcnB",NA,"rcnA,rcnB","rcnAB",NA
"yojI",-1,"yojI","yojI",NA,NA,NA
"ypdA",1,"ypdA,ypdB,ypdC",NA,"ypdA,ypdB,ypdC","ypdABC",NA
"ypeA",-1,"ypeA,yfeZ",NA,"ypeA,yfeZ","ypeA-yfeZ",NA
"ypfG",-1,"ypfG","ypfG",NA,NA,NA
"ypfH",-1,"ypfH","ypfH",NA,NA,NA
"ypfJ",-1,"ypfJ,tmcA",NA,"ypfJ,tmcA","ypfJ-tmcA",NA
"yphF",-1,"yphF,yphE,yphD",NA,"yphF,yphE,yphD","yphFED",NA
"yphG",-1,"yphG","yphG",NA,NA,NA
"yphH",1,"yphH","yphH",NA,NA,NA
"ypjA",-1,"ypjA","ypjA",NA,NA,NA
"ypjD",1,"ypjD","ypjD",NA,NA,NA
"yqaE",-1,"yqaE,kbp",NA,"yqaE,kbp","yqaE-kbp",NA
"yqcD",1,"queF","queF",NA,NA,NA
"yqcE",1,"yqcE,ygcE",NA,"yqcE,ygcE","yqcE-ygcE",NA
"yqeG",1,"yqeG","yqeG",NA,NA,NA
"yqeH",1,"yqeH","yqeH",NA,NA,NA
"yqeI",1,"yqeI,yqeJ",NA,"yqeI,yqeJ","yqeIJ",NA
"yqeK",-1,"yqeK","yqeK",NA,NA,NA
"yqfA",-1,"yqfA","yqfA",NA,NA,NA
"yqgA",1,"yqgA","yqgA",NA,NA,NA
"yqgD",-1,"yqgD","yqgD",NA,NA,NA
"yqhH",1,"yqhH","yqhH",NA,NA,NA
"yqiC",1,"yqiC","yqiC",NA,NA,NA
"yqiJ",1,"yqiJ,yqiK",NA,"yqiJ,yqiK","yqiJK",NA
"yqjC",1,"yqjC,yqjD,yqjE,yqjK",NA,"yqjC,yqjD,yqjE,yqjK","yqjCDEK",NA
"yqjF",1,"yqjF","yqjF",NA,NA,NA
"yqjG",1,"yqjG","yqjG",NA,NA,NA
"yqjH",-1,"yqjH","yqjH",NA,NA,NA
"yqjI",1,"yqjI","yqjI",NA,NA,NA
"yraL",-1,"rsmI","rsmI",NA,NA,NA
"yraM",1,"lpoA","lpoA",NA,NA,NA
"yraQ",-1,"yraQ","yraQ",NA,NA,NA
"yraR",-1,"yraR","yraR",NA,NA,NA
"yrbA",-1,"ibaG,murA",NA,"ibaG,murA","ibaG-murA","murA"
"yrbF",-1,"mlaF,mlaE,mlaD,mlaC,mlaB",NA,"mlaF,mlaE,mlaD,mlaC,mlaB","mlaFEDCB",NA
"yrbG",1,"yrbG,kdsD,kdsC,lptC,lptA,lptB,rpoN,hpf,ptsN,rapZ,npr",NA,"yrbG,kdsD,kdsC,lptC,lptA,lptB,rpoN,hpf,ptsN,rapZ,npr","yrbG-kdsDC-lptCAB-rpoN-hpf-ptsN-rapZ-npr",NA
"yrbL",1,"yrbL","yrbL",NA,NA,NA
"yrfF",1,"yrfF","yrfF",NA,NA,NA
"ysgA",-1,"ysgA","ysgA",NA,NA,NA
"ytfB",-1,"ytfB","ytfB",NA,NA,NA
"ytfE",-1,"ytfE","ytfE",NA,NA,NA
"ytfF",-1,"ytfF","ytfF",NA,NA,NA
"ytfI",1,"ytfI","ytfI",NA,NA,NA
"ytfL",-1,"ytfL","ytfL",NA,NA,NA
"ytfM",1,"tamA,tamB,ytfP",NA,"tamA,tamB,ytfP","tamAB-ytfP",NA
"ytfQ",1,"ytfQ,ytfR,ytfT,yjfF",NA,"ytfQ,ytfR,ytfT,yjfF","ytfQRT-yjfF","ytfR"
"ytfR",1,"ytfR","ytfR",NA,NA,"ytfR"
"ytjB",-1,"ytjB,lplA",NA,"ytjB,lplA","ytjB-lplA",NA
"yzgL",-1,"yzgL","yzgL",NA,NA,NA
"zitB",-1,"zitB","zitB",NA,NA,NA
"zntA",1,"zntA","zntA",NA,NA,NA
"znuA",-1,"znuA","znuA",NA,NA,NA
"znuC",1,"znuC,znuB",NA,"znuC,znuB","znuCB",NA
"zraP",-1,"zraP","zraP",NA,NA,NA
"zraS",1,"zraS,zraR",NA,"zraS,zraR","zraSR",NA
"zupT",1,"zupT","zupT",NA,NA,NA
