UAL_promoter,Plate,Well,Strand,Reports_genes,Gene,Operon,Operon_name,Duplicated_reporting,Amplicons
aaeR,7,H6,1,aaeR,aaeR,NA,NA,NA,1
abrB,7,B10,-1,abrB,abrB,NA,NA,NA,1
accB,18,B8,1,"accB,accC",NA,"accB,accC",accBC,NA,1
aceB,13,E3,1,"aceB,aceA,aceK",NA,"aceB,aceA,aceK",aceBAK,aceK,1
aceK,18,A10,1,aceK,aceK,NA,NA,aceK,1
ackA,3,F5,1,"ackA,pta",NA,"ackA,pta",ackA-pta,NA,1
acnB,2,H10,1,acnB,acnB,NA,NA,NA,1
acpP,7,F2,1,acpP,acpP,NA,NA,NA,1
ada,12,F1,-1,"ada,alkB",NA,"ada,alkB",ada-alkB,NA,1
add,5,A8,1,add,add,NA,NA,NA,1
adhE,4,B3,-1,adhE,adhE,NA,NA,NA,1
adiA,2,D6,-1,adiA,adiA,NA,NA,NA,1
adk,5,G6,1,adk,adk,NA,NA,NA,1
adrA,11,G5,1,dgcC,dgcC,NA,NA,NA,1
aegA,4,B6,-1,aegA,aegA,NA,NA,NA,1
aer,1,D4,-1,aer,aer,NA,NA,NA,1
aes,5,E10,-1,aes,aes,NA,NA,NA,1
agaR,8,E5,-1,agaR,agaR,NA,NA,NA,1
agaS,11,D9,1,NA,NA,NA,NA,NA,0
agn43,18,E10,1,"isrC,flu",NA,"isrC,flu",isrC-flu,NA,1
ahpC,13,D11,1,"ahpC,ahpF",NA,"ahpC,ahpF",ahpCF,ahpF,1
ahpF,13,F8,1,ahpF,ahpF,NA,NA,ahpF,1
aidB,12,H6,1,aidB,aidB,NA,NA,NA,1
ais,12,A4,-1,ais,ais,NA,NA,NA,1
alaS,10,B11,-1,alaS,alaS,NA,NA,NA,1
aldA,3,G6,1,aldA,aldA,NA,NA,NA,1
aldB,12,B12,-1,aldB,aldB,NA,NA,NA,1
aldH,3,G5,1,puuC,puuC,NA,NA,puuC,1
allA,13,D8,1,allA,allA,NA,NA,NA,1
allD,13,H7,-1,"allD,allC,allE",NA,"allD,allC,allE",allDCE,NA,1
allR,7,D6,1,allR,allR,NA,NA,NA,1
allS,13,H5,-1,allS,allS,NA,NA,NA,1
alsA,14,D7,-1,alsA,alsA,NA,NA,alsA,1
alsB,15,A4,-1,alsB,alsB,NA,NA,alsB,1
alsI,2,A1,1,rpiB,rpiB,NA,NA,NA,1
alsR,2,B3,-1,"rpiR,alsB,alsA,alsC,alsE",NA,"rpiR,alsB,alsA,alsC,alsE",rpiR-alsBACE,"alsB,alsA",1
amiA,18,E1,1,"amiA,hemF",NA,"amiA,hemF",amiA-hemF,NA,1
amiC,1,D1,-1,amiC,amiC,NA,NA,NA,1
amn,5,A9,1,amn,amn,NA,NA,NA,1
ampD,18,B2,1,"ampD,ampE",NA,"ampD,ampE",ampDE,NA,1
ampH,14,G4,-1,ampH,ampH,NA,NA,NA,1
amyA,4,E7,1,amyA,amyA,NA,NA,NA,1
aniC,3,B11,-1,adiC,adiC,NA,NA,NA,1
ansA,2,F1,1,"ansA,pncA",NA,"ansA,pncA",ansA-pncA,NA,1
ansB,2,D1,-1,ansB,ansB,NA,NA,NA,1
apbE,4,F4,-1,ftp,ftp,NA,NA,NA,1
aphA,18,A11,1,aphA,aphA,NA,NA,NA,1
appA,6,F11,1,appA,appA,NA,NA,appA,1
apt,5,A7,1,apt,apt,NA,NA,NA,1
aqpZ,21,A7,-1,aqpZ,aqpZ,NA,NA,NA,1
araB,20,E1,-1,"araB,araA,araD",NA,"araB,araA,araD",araBAD,araD,1
araC,20,F6,1,araC,araC,NA,NA,NA,1
araD,20,E4,-1,araD,araD,NA,NA,araD,1
araE,20,D2,-1,"araE,ygeA",NA,"araE,ygeA",araE-ygeA,ygeA,1
araF,21,A10,-1,"araF,araG,araH",NA,"araF,araG,araH",araFGH,NA,1
araJ,15,H11,-1,araJ,araJ,NA,NA,NA,1
arcB,20,G6,-1,arcB,arcB,NA,NA,NA,1
argA,1,B7,1,argA,argA,NA,NA,NA,1
argC,1,C6,1,"argC,argB,argH",NA,"argC,argB,argH",argCBH,NA,1
argD,1,F5,-1,argD,argD,NA,NA,NA,1
argE,1,D10,-1,argE,argE,NA,NA,NA,1
argF,1,E6,-1,argF,argF,NA,NA,NA,1
argG,1,B11,1,argG,argG,NA,NA,NA,1
argI,1,E1,-1,argI,argI,NA,NA,NA,1
argP,9,G4,1,argP,argP,NA,NA,NA,1
argQ,8,D11,-1,NA,NA,NA,NA,NA,4
argU,20,C11,1,argU,argU,NA,NA,NA,1
argW,8,B7,1,argW,argW,NA,NA,NA,1
argZ,8,D12,-1,NA,NA,NA,NA,NA,4
aroF,1,F2,-1,"aroF,tyrA",NA,"aroF,tyrA",aroF-tyrA,NA,1
aroH,1,A11,1,aroH,aroH,NA,NA,NA,1
aroK,1,F6,-1,"aroK,aroB,damX,dam,rpe,gph,trpS",NA,"aroK,aroB,damX,dam,rpe,gph,trpS",aroKB-damX-dam-rpe-gph-trpS,"dam,rpe",1
aroL,1,A8,1,"aroL,yaiA,aroM",NA,"aroL,yaiA,aroM",aroL-yaiA-aroM,yaiA,1
aroP,2,C1,-1,aroP,aroP,NA,NA,NA,1
arpA,5,G2,-1,arpA,arpA,NA,NA,NA,1
artP,14,C7,-1,"artP,artI,artQ,artM",NA,"artP,artI,artQ,artM",artPIQM,NA,1
ascG,12,A2,-1,ascG,ascG,NA,NA,NA,1
asd,18,C9,-1,asd,asd,NA,NA,NA,1
asnA,1,B12,1,asnA,asnA,NA,NA,NA,1
asnC,1,D5,-1,"asnC,mioC,mnmG,rsmG",NA,"asnC,mioC,mnmG,rsmG",asnC-mioC-mnmG-rsmG,NA,1
asnS,10,B6,-1,asnS,asnS,NA,NA,NA,1
asnV,8,A10,1,asnV,asnV,NA,NA,NA,1
aspA,5,F4,-1,"aspA,dcuA",NA,"aspA,dcuA",aspA-dcuA,dcuA,1
aspC,1,E7,-1,aspC,aspC,NA,NA,NA,1
aspU,8,B12,1,aspU,aspU,NA,NA,NA,1
asr,6,E6,1,asr,asr,NA,NA,NA,1
astC,13,B2,-1,"astC,astA,astD,astB,astE",NA,"astC,astA,astD,astB,astE",astCADBE,NA,1
atoS,18,D12,1,"atoS,atoC",NA,"atoS,atoC",atoSC,NA,1
atpI,2,D5,-1,"atpI,atpB,atpE,atpF,atpH,atpA,atpG,atpD,atpC",NA,"atpI,atpB,atpE,atpF,atpH,atpA,atpG,atpD,atpC",atpIBEFHAGDC,NA,1
b0165,12,A11,-1,yaeI,yaeI,NA,NA,NA,1
b0255,14,A3,1,"insN-1,insI-1,insO-1,insN",insN,"insN-1,insI-1,insO-1",insN-1I-1O-1,NA,1
b0257,8,C7,1,NA,NA,NA,NA,NA,1
b0259,17,D8,-1,insH-1,insH-1,NA,NA,NA,1
b0298,11,F7,1,insE1,insE1,NA,NA,insE1,1
b0309,12,G4,1,NA,NA,NA,NA,NA,1
b0332,13,G11,1,NA,NA,NA,NA,NA,3
b0360,2,C4,1,"insC-1,insCD-1,insD-1,insC1",insC1,"insC-1,insCD-1,insD-1",insC-1CD-1D-1,insC1,1
b0373,13,G12,-1,"insE-2,insEF-2,insF-2,insE1",insE1,"insE-2,insEF-2,insF-2",insEF-2E-2F-2,insE1,1
b0374,13,D4,1,yaiU,yaiU,NA,NA,NA,1
b0501,11,F9,1,NA,NA,NA,NA,NA,1
b0540,14,A5,1,"insE-3,insEF-3,insF-3,ybcD,peaD,insE1,renD","peaD,insE1,renD","insE-3,insEF-3,insF-3,ybcD","insE-3EF-3F-3,ybcD","insE1,renD",1
b0582,3,G12,1,"hokE,insL-2,sokE","hokE,sokE",insL-2,insL-2,NA,1
b0656,14,G3,-1,insH-3,insH-3,NA,NA,NA,1
b0663,7,D8,1,NA,NA,NA,NA,NA,2
b0671,8,A3,-1,glnU,glnU,NA,NA,NA,1
b0725,12,H9,1,sucA,sucA,NA,NA,sucA,1
b1027,16,C5,-1,"insE-4,insEF-4,insF-4,insE1",insE1,"insE-4,insEF-4,insF-4",insEF-4E-4F-4,insE1,1
b1142,16,C8,1,NA,NA,NA,NA,NA,1
b1172,16,C11,-1,"ymgG,ymgD,ymgI",ymgI,"ymgG,ymgD",ymgGD,NA,1
b1228,14,F4,1,NA,NA,NA,NA,NA,3
b1240,15,D10,-1,"ychG_1,ychG_2,insZ",insZ,"ychG_1,ychG_2",ychG_1G_2,NA,1
b1331,5,B11,1,insH-4,insH-4,NA,NA,NA,1
b1367,15,C5,1,NA,NA,NA,NA,NA,1
b1403,16,A11,-1,"insC-2,insCD-2,insD-2,insC1",insC1,"insC-2,insCD-2,insD-2",insCD-2C-2D-2,insC1,1
b1420,12,A5,-1,"hokB,mokB","hokB,mokB",NA,NA,NA,1
b1437,17,D5,-1,NA,NA,NA,NA,NA,1
b1788,4,F7,-1,NA,NA,NA,NA,NA,1
b1966,5,A5,1,yedS_3,yedS_3,NA,NA,NA,1
b1997,17,A7,-1,NA,NA,NA,NA,NA,1
b1998,5,G12,1,NA,NA,NA,NA,NA,1
b2192,4,B4,-1,insH-8,insH-8,NA,NA,NA,1
b2394,5,C8,1,insL-3,insL-3,NA,NA,NA,1
b2639,6,D5,1,NA,NA,NA,NA,NA,0
b2641,19,D2,-1,"ypjM_1,ypjM_2",NA,"ypjM_1,ypjM_2",ypjM_1M_2,NA,1
b2651,19,D12,NA,NA,NA,NA,NA,NA,NA
b2680,11,A7,1,"ygaX,ygaY",NA,"ygaX,ygaY",ygaXY,NA,1
b2861,18,G5,-1,"insC-4,insCD-4,insD-4,ygeO,ygeN,ygeM,insC1",insC1,"insC-4,insCD-4,insD-4,ygeO,ygeN,ygeM",insCD-4C-4D-4-ygeONM,insC1,1
b2974,4,D1,-1,yghJ,yghJ,NA,NA,NA,1
b3007,1,D3,-1,"exbB,exbD",NA,"exbB,exbD",exbBD,NA,1
b3044,2,E3,1,"insC-5,insCD-5,insD-5,yqiG,yqiH,yqiI,insC1",insC1,"insC-5,insCD-5,insD-5,yqiG,yqiH,yqiI",insC-5CD-5D-5-yqiGHI,insC1,1
b3218,18,A2,-1,insH-10,insH-10,NA,NA,NA,1
b3505,19,B8,-1,insH-11,insH-11,NA,NA,NA,1
b4283,2,G10,1,insN-2,insN-2,NA,NA,NA,1
b4285,6,F9,1,"insO-2,yjhW,yjhV",NA,"insO-2,yjhW,yjhV",insO-2-yjhWV,NA,1
bacA,13,F2,-1,bacA,bacA,NA,NA,NA,1
barA,5,H11,1,barA,barA,NA,NA,NA,1
bax,4,G8,-1,bax,bax,NA,NA,NA,1
bcsE,18,D1,1,"bcsE,bcsF,bcsG",NA,"bcsE,bcsF,bcsG",bcsEFG,NA,1
betT,15,E2,1,betT,betT,NA,NA,NA,1
bfd,9,C6,-1,"bfd,bfr",NA,"bfd,bfr",bfd-bfr,NA,1
bglA,3,D9,1,bglA,bglA,NA,NA,NA,1
bioB,7,F12,1,"bioB,bioF,bioC,bioD",NA,"bioB,bioF,bioC,bioD",bioBFCD,NA,1
bisC,7,H3,-1,bisC,bisC,NA,NA,NA,1
blc,9,B5,-1,blc,blc,NA,NA,NA,1
bolA,18,D9,1,bolA,bolA,NA,NA,NA,1
borD,13,H10,-1,borD,borD,NA,NA,NA,1
brnQ,12,G8,1,"brnQ,proY",NA,"brnQ,proY",brnQ-proY,NA,1
btuB,10,A6,1,"btuB,murI",NA,"btuB,murI",btuB-murI,NA,1
btuC,14,C11,-1,"btuC,btuE,btuD",NA,"btuC,btuE,btuD",btuCED,NA,1
cadA,2,D7,-1,cadA,cadA,NA,NA,cadA,1
cadB,17,A9,-1,"cadB,cadA",NA,"cadB,cadA",cadBA,cadA,1
caiC,2,C7,-1,caiC,caiC,NA,NA,NA,1
cbdA,3,G3,1,"appC,appB,appX,appA",NA,"appC,appB,appX,appA",appCBXA,appA,1
cbpA,13,H9,-1,"cbpA,cbpM",NA,"cbpA,cbpM",cbpAM,NA,1
cca,10,C8,1,cca,cca,NA,NA,cca,1
cdaR,11,G4,1,cdaR,cdaR,NA,NA,NA,1
cdd,5,A10,1,cdd,cdd,NA,NA,NA,1
cfa,5,G9,1,NA,NA,NA,NA,NA,0
chaB,20,C9,1,"chaB,chaC",NA,"chaB,chaC",chaBC,chaC,1
chaC,16,E7,1,chaC,chaC,NA,NA,chaC,1
chbA,17,A6,-1,chbA,chbA,NA,NA,NA,1
chiA,4,D3,-1,chiA,chiA,NA,NA,NA,1
cirA,18,H8,-1,cirA,cirA,NA,NA,NA,1
citC,6,H7,-1,"citC,citD,citE,citF,citX,citG",NA,"citC,citD,citE,citF,citX,citG",citCDEFXG,NA,1
citT,3,A10,-1,citT,citT,NA,NA,NA,1
cld,18,H6,-1,wzzB,wzzB,NA,NA,NA,1
clpB,4,D12,-1,clpB,clpB,NA,NA,NA,1
clpP,20,H10,1,"clpP,clpX,lon",NA,"clpP,clpX,lon",clpPX-lon,"clpX,lon",1
clpS,15,G1,1,clpS,clpS,NA,NA,NA,1
clpX,20,A8,1,clpX,clpX,NA,NA,clpX,1
cls,9,A1,-1,"clsA,yciU",NA,"clsA,yciU",clsA-yciU,NA,1
cmk,9,H3,1,"cmk,rpsA,ihfB",NA,"cmk,rpsA,ihfB",cmk-rpsA-ihfB,"rpsA,ihfB",1
cmr,16,E3,1,mdfA,mdfA,NA,NA,NA,1
coaE,6,A1,-1,"coaE,zapD,yacG",NA,"coaE,zapD,yacG",coaE-zapD-yacG,yacG,1
cobU,7,B2,-1,"cobU,cobS,cobT,yeeH",yeeH,"cobU,cobS,cobT",cobUST,NA,1
codB,16,H7,1,"codB,codA",NA,"codB,codA",codBA,NA,1
corA,16,H5,1,corA,corA,NA,NA,NA,1
cpdA,12,B2,-1,cpdA,cpdA,NA,NA,cpdA,1
cpdB,5,F5,-1,cpdB,cpdB,NA,NA,NA,1
cpsG,6,B2,-1,cpsG,cpsG,NA,NA,NA,1
crcA,15,E5,1,pagP,pagP,NA,NA,NA,1
crcB,11,D7,-1,crcB,crcB,NA,NA,NA,1
creA,12,E5,1,"creA,creB,creC,creD",NA,"creA,creB,creC,creD",creABCD,creB,1
creB,11,B4,1,creB,creB,NA,NA,creB,1
crl,5,H3,1,crl,crl,NA,NA,NA,1
crp,2,A6,1,crp,crp,NA,NA,NA,1
csdA,19,E4,1,"csdA,csdE",NA,"csdA,csdE",csdAE,NA,1
csgC,7,E1,1,csgC,csgC,NA,NA,NA,1
csiD,17,C8,1,"csiD,lhgO,gabD,gabT,gabP",NA,"csiD,lhgO,gabD,gabT,gabP",csiD-lhgO-gabDTP,NA,1
csiE,5,C12,1,csiE,csiE,NA,NA,NA,1
cspA,11,A6,1,cspA,cspA,NA,NA,NA,1
cspB,11,D8,-1,cspB,cspB,NA,NA,NA,1
cspD,16,B11,-1,cspD,cspD,NA,NA,NA,1
cspG,2,G1,1,cspG,cspG,NA,NA,NA,1
cspI,17,F12,-1,cspI,cspI,NA,NA,NA,1
cueO,1,B6,1,cueO,cueO,NA,NA,NA,1
cueR,7,D5,1,cueR,cueR,NA,NA,NA,1
cusC,14,A6,1,"cusC,cusF,cusB,cusA",NA,"cusC,cusF,cusB,cusA",cusCFBA,NA,1
cusR,14,F8,-1,"cusR,cusS",NA,"cusR,cusS",cusRS,NA,1
cutA,11,C9,-1,cutA,cutA,NA,NA,NA,1
cvpA,15,A7,-1,"cvpA,purF,ubiX",NA,"cvpA,purF,ubiX",cvpA-purF-ubiX,ubiX,1
cvrA,21,A5,-1,cvrA,cvrA,NA,NA,NA,1
cyaA,20,C7,1,cyaA,cyaA,NA,NA,NA,1
cybC,3,G9,1,cybC,cybC,cybC,cybC,NA,1
cydD,14,C8,-1,"cydD,cydC",NA,"cydD,cydC",cydDC,NA,1
cynR,20,B11,-1,cynR,cynR,NA,NA,NA,1
cynT,20,B7,1,"cynT,cynS,cynX",NA,"cynT,cynS,cynX",cynTSX,NA,1
cyoA,2,C9,-1,"cyoA,cyoB,cyoC,cyoD,cyoE",NA,"cyoA,cyoB,cyoC,cyoD,cyoE",cyoABCDE,NA,1
cysB,1,A10,1,cysB,cysB,NA,NA,NA,1
cysD,9,F2,-1,"cysD,cysN,cysC",NA,"cysD,cysN,cysC",cysDNC,NA,1
cysH,2,C12,-1,cysH,cysH,NA,NA,cysH,1
cysJ,2,G8,-1,"cysJ,cysI,cysH",NA,"cysJ,cysI,cysH",cysJIH,cysH,1
cysK,1,B2,1,cysK,cysK,NA,NA,NA,1
cysP,1,E10,-1,"cysP,cysU,cysW,cysA,cysM",NA,"cysP,cysU,cysW,cysA,cysM",cysPUWAM,cysW,1
cysQ,5,E5,1,cysQ,cysQ,NA,NA,NA,1
cysS,9,H12,1,cysS,cysS,NA,NA,NA,1
cysT,8,D10,-1,"cysT,leuZ","cysT,leuZ",NA,NA,NA,1
cysW,14,D3,-1,cysW,cysW,NA,NA,cysW,1
cysZ,16,H6,1,cysZ,cysZ,NA,NA,NA,1
cytR,12,C2,-1,cytR,cytR,NA,NA,NA,1
dacA,11,B10,-1,dacA,dacA,NA,NA,NA,1
dacB,8,G12,1,dacB,dacB,NA,NA,NA,1
dam,12,F4,-1,dam,dam,NA,NA,dam,1
dapA,1,E11,-1,"dapA,bamC",NA,"dapA,bamC",dapA-bamC,NA,1
dapF,1,B4,1,"yifL,dapF,yigA,xerC,yigB",NA,"yifL,dapF,yigA,xerC,yigB",yifL-dapF-yigA-xerC-yigB,NA,1
dcd,17,E5,-1,dcd,dcd,NA,NA,dcd,1
dcm,12,E11,-1,"dcm,vsr",NA,"dcm,vsr",dcm-vsr,NA,1
dcp,4,G5,-1,dcp,dcp,NA,NA,NA,1
dctA,15,A2,-1,dctA,dctA,NA,NA,NA,1
dcuA,15,A5,-1,dcuA,dcuA,NA,NA,dcuA,1
dcuS,4,B11,-1,"dcuS,dcuR",NA,"dcuS,dcuR",dcuSR,NA,1
ddlA,19,B1,-1,ddlA,ddlA,NA,NA,NA,1
deaD,8,E2,-1,"yrbN,deaD",NA,"yrbN,deaD",yrbN-deaD,NA,1
dedA,10,H10,-1,dedA,dedA,NA,NA,dedA,1
def,8,H2,1,"def,fmt",NA,"def,fmt",def-fmt,NA,1
degQ,4,E8,1,"degQ,degS",NA,"degQ,degS",degQS,NA,1
deoA,5,B3,1,deoA,deoA,NA,NA,deoA,1
deoB,5,B4,1,deoB,deoB,NA,NA,deoB,1
deoC,5,E6,1,"deoC,deoA,deoB,deoD",NA,"deoC,deoA,deoB,deoD",deoCABD,"deoA,deoB,deoD",1
deoD,5,B5,1,deoD,deoD,NA,NA,deoD,1
deoR,4,B12,-1,deoR,deoR,NA,NA,NA,1
der,6,C11,-1,der,der,NA,NA,NA,1
dfp,9,G5,1,dfp,dfp,NA,NA,NA,1
dgkA,8,H7,1,dgkA,dgkA,NA,NA,NA,1
dgoR,19,H7,-1,"dgoR,dgoK,dgoA,dgoD,dgoT",NA,"dgoR,dgoK,dgoA,dgoD,dgoT",dgoRKADT,NA,1
dgt,18,B3,1,dgt,dgt,NA,NA,NA,1
dhaM,11,E6,-1,dhaM,dhaM,NA,NA,NA,1
dhaR,3,D6,1,dhaR,dhaR,NA,NA,NA,1
dicB,11,A4,1,dicF,dicF,NA,NA,NA,1
dinB,12,G7,1,"dinB,yafN,yafO,yafP",NA,"dinB,yafN,yafO,yafP",dinB-yafNOP,NA,1
dinG,12,D8,1,dinG,dinG,NA,NA,NA,1
dinJ,13,A3,-1,"dinJ,yafQ",NA,"dinJ,yafQ",dinJ-yafQ,NA,1
dkgA,16,A8,1,dkgA,dkgA,NA,NA,NA,1
dkgB,10,C11,1,dkgB,dkgB,NA,NA,NA,1
dksA,10,B4,-1,dksA,dksA,NA,NA,NA,1
dmsA,3,G2,1,"dmsA,dmsB,dmsC",NA,"dmsA,dmsB,dmsC",dmsABC,NA,1
dnaJ,20,F8,1,dnaJ,dnaJ,NA,NA,dnaJ,1
dnaK,20,E8,1,"dnaK,tpke11,dnaJ",NA,"dnaK,tpke11,dnaJ",dnaK-tpke11-dnaJ,dnaJ,1
dnaQ,12,C11,1,dnaQ,dnaQ,NA,NA,NA,1
dnaX,10,C6,1,dnaX,dnaX,NA,NA,NA,1
dpbA,12,A8,-1,yihG,yihG,NA,NA,NA,1
dpiB,6,G6,1,"dpiB,dpiA",NA,"dpiB,dpiA",dpiBA,NA,1
dppA,15,A3,-1,"dppA,dppB,dppC,dppD,dppF",NA,"dppA,dppB,dppC,dppD,dppF",dppABCDF,dppB,1
dppB,14,D5,-1,dppB,dppB,NA,NA,dppB,1
dps,2,B12,-1,dps,dps,NA,NA,NA,1
dsbG,13,H8,-1,dsbG,dsbG,NA,NA,NA,1
dsdC,20,H3,-1,dsdC,dsdC,NA,NA,NA,1
dsdX,20,D9,1,"dsdX,dsdA",NA,"dsdX,dsdA",dsdXA,NA,1
dsrA,19,B4,-1,dsrA,dsrA,NA,NA,NA,1
dusA,18,F11,1,dusA,dusA,NA,NA,NA,1
dusB,18,A4,1,"dusB,fis",NA,"dusB,fis",dusB-fis,NA,1
dusC,10,E1,-1,dusC,dusC,NA,NA,NA,1
dxr,8,C4,1,dxr,dxr,NA,NA,NA,1
eaeH,5,D9,NA,NA,NA,NA,NA,NA,NA
ecfD,8,G10,1,bamD,bamD,NA,NA,NA,1
ecfE,11,F1,1,rseP,rseP,NA,NA,NA,1
ecfG,8,G5,1,"ygiM,cca",NA,"ygiM,cca",ygiM-cca,cca,1
ecfI,4,H12,1,yidQ,yidQ,NA,NA,NA,1
ecfK,11,F4,1,"bamA,skp,lpxD,fabZ,lpxA,lpxB,rnhB,dnaE",NA,"bamA,skp,lpxD,fabZ,lpxA,lpxB,rnhB,dnaE",bamA-skp-lpxD-fabZ-lpxAB-rnhB-dnaE,"skp,fabZ",1
eco,11,H7,1,eco,eco,NA,NA,NA,1
ecpD,12,E7,-1,"yadV,htrE",NA,"yadV,htrE",yadV-htrE,NA,1
edd,1,G3,-1,"edd,eda",NA,"edd,eda",edd-eda,NA,1
efp,8,H8,1,efp,efp,NA,NA,NA,1
ego,17,C11,1,"lsrA,lsrC,lsrD,lsrB,lsrF,lsrG,tam",NA,"lsrA,lsrC,lsrD,lsrB,lsrF,lsrG,tam",lsrACDBFG-tam,tam,1
elaA,10,E4,-1,elaA,elaA,NA,NA,NA,1
elaB,10,H5,-1,elaB,elaB,NA,NA,NA,1
elaD,5,C4,1,elaD,elaD,NA,NA,NA,1
Empty,1,A12,NA,NA,NA,NA,NA,NA,NA
Empty,20,A12,NA,NA,NA,NA,NA,NA,NA
Empty,5,A12,NA,NA,NA,NA,NA,NA,NA
Empty,19,A12,NA,NA,NA,NA,NA,NA,NA
Empty,6,A12,NA,NA,NA,NA,NA,NA,NA
Empty,9,A12,NA,NA,NA,NA,NA,NA,NA
Empty,13,A12,NA,NA,NA,NA,NA,NA,NA
Empty,2,A12,NA,NA,NA,NA,NA,NA,NA
Empty,11,A12,NA,NA,NA,NA,NA,NA,NA
Empty,3,A12,NA,NA,NA,NA,NA,NA,NA
Empty,14,A12,NA,NA,NA,NA,NA,NA,NA
Empty,17,A12,NA,NA,NA,NA,NA,NA,NA
Empty,10,A12,NA,NA,NA,NA,NA,NA,NA
Empty,15,A12,NA,NA,NA,NA,NA,NA,NA
Empty,18,A12,NA,NA,NA,NA,NA,NA,NA
Empty,12,A12,NA,NA,NA,NA,NA,NA,NA
Empty,8,A12,NA,NA,NA,NA,NA,NA,NA
Empty,7,A12,NA,NA,NA,NA,NA,NA,NA
Empty,4,A12,NA,NA,NA,NA,NA,NA,NA
Empty,16,A12,NA,NA,NA,NA,NA,NA,NA
emrA,13,G2,1,emrA,emrA,NA,NA,emrA,1
emrE,13,F7,1,emrE,emrE,NA,NA,emrE,1
emrR,2,D8,1,"mprA,emrA,emrB",NA,"mprA,emrA,emrB",mprA-emrAB,emrA,1
eno,1,H2,-1,eno,eno,NA,NA,eno,1
entC,15,E3,1,"entC,entE,entB,entA,entH",NA,"entC,entE,entB,entA,entH",entCEBAH,NA,1
entD,7,A4,-1,entD,entD,NA,NA,entD,1
entF,7,F1,1,NA,NA,NA,NA,NA,1
entS,14,B6,1,entS,entS,NA,NA,NA,1
envY,11,E5,-1,"envY,ompT",NA,"envY,ompT",envY-ompT,ompT,1
erfK,4,E12,-1,ldtA,ldtA,NA,NA,NA,1
eutB,2,G7,-1,"eutB,eutC,eutL,eutK,eutR",NA,"eutB,eutC,eutL,eutK,eutR",eutBCLKR,eutR,1
eutN,6,C9,-1,"eutN,eutE,eutJ,eutG",NA,"eutN,eutE,eutJ,eutG",eutNEJG,NA,1
eutR,12,B9,-1,eutR,eutR,NA,NA,eutR,1
eutS,10,D1,-1,"eutS,eutP,eutQ,eutT,eutD,eutM",NA,"eutS,eutP,eutQ,eutT,eutD,eutM",eutSPQTDM,NA,1
evgA,13,E5,1,"evgA,evgS",NA,"evgA,evgS",evgAS,NA,1
exuR,2,F8,1,exuR,exuR,NA,NA,NA,1
fabF,5,G8,1,fabF,fabF,NA,NA,NA,1
fabR,19,G12,1,"fabR,yijD",fabR,"fabR,yijD",fabR-yijD,NA,1
fabZ,5,H2,1,fabZ,fabZ,NA,NA,fabZ,1
fadB,4,G10,-1,"fadB,fadA",NA,"fadB,fadA",fadBA,NA,1
fadE,18,H12,-1,fadE,fadE,NA,NA,NA,1
fadI,6,C2,-1,"fadI,fadJ",NA,"fadI,fadJ",fadIJ,NA,1
fadL,16,G10,1,fadL,fadL,NA,NA,NA,1
fdhD,3,F9,1,fdhD,fdhD,NA,NA,NA,1
fdhF,4,A5,-1,fdhF,fdhF,NA,NA,NA,1
fdnG,3,F2,1,"fdnG,fdnH,fdnI",NA,"fdnG,fdnH,fdnI",fdnGHI,NA,1
fdoG,4,B9,-1,"fdoG,fdoH,fdoI,fdhE",NA,"fdoG,fdoH,fdoI,fdhE",fdoGHI-fdhE,NA,1
fdrA,13,D10,1,"fdrA,ylbE,ylbF,ybcF",NA,"fdrA,ylbE,ylbF,ybcF",fdrA-ylbEF-ybcF,ylbE,1
feaB,3,D7,1,feaB,feaB,NA,NA,NA,1
feaR,3,D12,-1,feaR,feaR,NA,NA,NA,1
fecA,17,A3,-1,"fecA,fecB,fecC,fecD,fecE",NA,"fecA,fecB,fecC,fecD,fecE",fecABCDE,NA,1
fecI,18,B5,-1,"fecI,fecR",NA,"fecI,fecR",fecIR,NA,1
fepA,16,G2,-1,"fepA,entD",NA,"fepA,entD",fepA-entD,entD,1
fepB,15,E9,-1,fepB,fepB,NA,NA,NA,1
fepD,14,G7,-1,"fepD,fepG,fepC",NA,"fepD,fepG,fepC",fepDGC,NA,1
fes,16,E2,1,"fes,ybdZ,entF,fepE",NA,"fes,ybdZ,entF,fepE",fes-ybdZ-entF-fepE,NA,1
fhlA,3,G7,1,fhlA,fhlA,NA,NA,NA,1
fhuA,18,E6,1,"fhuA,fhuC,fhuD,fhuB",NA,"fhuA,fhuC,fhuD,fhuB",fhuACDB,fhuC,1
fhuC,14,E1,1,fhuC,fhuC,NA,NA,fhuC,1
fhuF,4,C11,-1,NA,NA,NA,NA,NA,3
fimD,18,F2,1,fimD,fimD,NA,NA,NA,1
fiu,7,C4,-1,fiu,fiu,NA,NA,NA,1
fixC,2,F6,1,fixC,fixC,NA,NA,NA,1
fklB,8,H9,1,fklB,fklB,NA,NA,NA,1
fkpA,9,E11,-1,fkpA,fkpA,NA,NA,NA,1
fkpB,9,D1,1,fkpB,fkpB,NA,NA,NA,1
fldA,3,H10,-1,"fldA,uof,fur",NA,"fldA,uof,fur",fldA-uof-fur,NA,1
fldB,9,G3,1,fldB,fldB,NA,NA,NA,1
flgA,1,G10,-1,"flgA,flgM,flgN",NA,"flgA,flgM,flgN",flgAMN,flgM,1
flgB,20,B8,1,"flgB,flgC,flgD,flgE,flgF,flgG,flgH,flgI,flgJ",NA,"flgB,flgC,flgD,flgE,flgF,flgG,flgH,flgI,flgJ",flgBCDEFGHIJ,flgH,1
flgH,5,G7,1,flgH,flgH,NA,NA,flgH,1
flgM,20,B2,-1,flgM,flgM,NA,NA,flgM,1
fliA,20,G3,-1,"fliA,fliZ,tcyJ",NA,"fliA,fliZ,tcyJ",fliAZ-tcyJ,NA,1
fliC,1,H10,-1,fliC,fliC,NA,NA,NA,1
fliE,20,A10,-1,fliE,fliE,NA,NA,NA,1
fliF,20,A6,1,"fliF,fliG,fliH,fliI,fliJ,fliK",NA,"fliF,fliG,fliH,fliI,fliJ,fliK",fliFGHIJK,NA,1
fliL,20,D10,1,"fliL,fliM,fliN,fliO,fliP,fliQ,fliR",NA,"fliL,fliM,fliN,fliO,fliP,fliQ,fliR",fliLMNOPQR,NA,1
fliY,20,H4,-1,NA,NA,NA,NA,NA,0
flk,4,H8,1,flk,flk,NA,NA,NA,1
focA,16,A1,-1,"focA,pflB",NA,"focA,pflB",focA-pflB,NA,1
folA,7,E11,1,folA,folA,NA,NA,NA,1
folB,5,F1,-1,folB,folB,NA,NA,NA,1
folC,7,A11,-1,"folC,dedD",NA,"folC,dedD",folC-dedD,NA,1
folD,7,G9,-1,"folD,ybcJ",NA,"folD,ybcJ",folD-ybcJ,NA,1
folE,7,H2,-1,"folE,yeiB",NA,"folE,yeiB",folE-yeiB,NA,1
folX,6,F1,1,"folX,yfcH",NA,"folX,yfcH",folX-yfcH,NA,1
fpr,4,C8,-1,fpr,fpr,NA,NA,NA,1
frdA,2,B5,-1,"frdA,frdB,frdC,frdD",NA,"frdA,frdB,frdC,frdD",frdABCD,NA,1
frlA,17,B5,1,"frlA,frlB,frlC,frlD,frlR",NA,"frlA,frlB,frlC,frlD,frlR",frlABCDR,NA,1
frr,9,D3,1,frr,frr,NA,NA,NA,1
fruB,2,B8,-1,"fruB,fruK,fruA",NA,"fruB,fruK,fruA",fruBKA,NA,1
fruL,1,F8,1,cra,cra,NA,NA,NA,1
fryB,6,C7,-1,"fryB,fryC,ypdF,ypdE,fryA",NA,"fryB,fryC,ypdF,ypdE,fryA",fryBC-ypdFE-fryA,NA,1
fsaA,3,E12,1,fsaA,fsaA,NA,NA,NA,1
fsr,16,D1,-1,fsr,fsr,NA,NA,NA,1
ftsH,4,E1,-1,ftsH,ftsH,NA,NA,ftsH,1
ftsJ,11,E1,-1,"rlmE,ftsH",NA,"rlmE,ftsH",rlmE-ftsH,ftsH,1
ftsK,12,G9,1,ftsK,ftsK,NA,NA,NA,1
ftsN,11,C8,-1,ftsN,ftsN,NA,NA,NA,1
ftsQ,15,G5,1,ftsQ,ftsQ,NA,NA,ftsQ,1
ftsY,11,E2,-1,"ftsY,ftsE,ftsX",NA,"ftsY,ftsE,ftsX",ftsYEX,NA,1
ftsZ,20,A5,1,ftsZ,ftsZ,NA,NA,ftsZ,1
fucR,3,D5,1,fucR,fucR,NA,NA,NA,1
fumB,2,H11,-1,fumB,fumB,NA,NA,NA,1
fur,13,C1,-1,NA,NA,NA,NA,NA,1
fxsA,5,E4,1,fxsA,fxsA,NA,NA,NA,1
gadB,6,A9,-1,"gadB,gadC",NA,"gadB,gadC",gadBC,gadC,1
gadW,2,D11,-1,gadW,gadW,NA,NA,NA,1
gadX,12,F5,-1,gadX,gadX,NA,NA,NA,1
galE,3,A11,-1,"galE,galT,galK,galM",NA,"galE,galT,galK,galM",galETKM,NA,1
galP,20,H6,1,galP,galP,NA,NA,NA,1
galR,3,D8,1,galR,galR,NA,NA,NA,1
galS,3,B4,-1,galS,galS,NA,NA,NA,1
galU,3,D2,1,galU,galU,NA,NA,NA,1
garD,20,C12,1,garD,garD,NA,NA,NA,1
gatR_1,3,E1,-1,NA,NA,NA,NA,NA,1
gatY,3,B3,-1,"gatY,gatZ,gatA,gatB,gatC,gatD",NA,"gatY,gatZ,gatA,gatB,gatC,gatD",gatYZABCD,NA,1
gcl,6,F8,1,"gcl,hyi,glxR,ybbW,allB,ybbY,glxK",NA,"gcl,hyi,glxR,ybbW,allB,ybbY,glxK",gcl-hyi-glxR-ybbW-allB-ybbY-glxK,glxK,1
gcvA,6,B4,-1,gcvA,gcvA,NA,NA,NA,1
gcvP,6,B5,-1,gcvP,gcvP,NA,NA,gcvP,1
gcvT,4,C5,-1,"gcvT,gcvH,gcvP",NA,"gcvT,gcvH,gcvP",gcvTHP,gcvP,1
ggt,18,C7,-1,ggt,ggt,NA,NA,NA,1
ghrA,8,A7,1,ghrA,ghrA,NA,NA,NA,1
glcB,1,H4,-1,glcB,glcB,NA,NA,NA,1
glcC,3,D10,1,glcC,glcC,NA,NA,NA,1
glgB,9,A11,-1,"glgB,glgX,glgC,glgA,glgP",NA,"glgB,glgX,glgC,glgA,glgP",glgBXCAP,NA,1
glgS,9,E8,-1,glgS,glgS,NA,NA,NA,1
glmU,4,C7,-1,"glmU,glmS",NA,"glmU,glmS",glmUS,NA,1
glnA,20,E2,-1,"glnA,glnL,glnG",NA,"glnA,glnL,glnG",glnALG,glnL,1
glnB,1,F1,-1,glnB,glnB,NA,NA,NA,1
glnH,16,F4,-1,"glnH,glnP,glnQ",NA,"glnH,glnP,glnQ",glnHPQ,NA,1
glnK,6,F7,1,"glnK,amtB",NA,"glnK,amtB",glnK-amtB,NA,1
glnL,1,F7,-1,glnL,glnL,NA,NA,glnL,1
glnU,8,F1,-1,glnW,glnW,NA,NA,NA,1
glnW,8,F2,-1,NA,NA,NA,NA,NA,2
gloA,6,G1,1,gloA,gloA,NA,NA,NA,1
glpA,16,G9,1,"glpA,glpB,glpC",NA,"glpA,glpB,glpC",glpABC,NA,1
glpD,3,F8,1,glpD,glpD,NA,NA,NA,1
glpE,4,B8,-1,"glpE,glpG,glpR",NA,"glpE,glpG,glpR",glpEGR,NA,1
glpX,2,E8,-1,glpX,glpX,NA,NA,NA,1
gltA,2,C5,-1,gltA,gltA,NA,NA,NA,1
gltB,20,F7,1,"gltB,gltD,gltF",NA,"gltB,gltD,gltF",gltBDF,NA,1
gltJ,14,C4,-1,gltJ,gltJ,NA,NA,NA,1
gltX,10,F1,-1,NA,NA,NA,NA,NA,3
glxK,1,G9,1,glxK,glxK,NA,NA,glxK,1
glyA,1,E12,-1,glyA,glyA,NA,NA,NA,1
glyQ,10,F4,-1,"glyQ,glyS,ysaB",ysaB,"glyQ,glyS",glyQS,NA,1
glyU,8,E1,-1,glyU,glyU,NA,NA,NA,1
gmk,20,E9,1,gmk,gmk,NA,NA,NA,1
gmr,16,B2,-1,pdeR,pdeR,NA,NA,NA,1
gnd,1,G11,-1,gnd,gnd,NA,NA,NA,1
gntK,17,E8,-1,gntK,gntK,NA,NA,gntK,1
gntP,16,D9,-1,gntP,gntP,NA,NA,NA,1
gntR,1,H6,-1,"gntR,gntK,gntU",NA,"gntR,gntK,gntU",gntRKU,gntK,1
gntT,16,H9,1,gntT,gntT,NA,NA,NA,1
gpp,20,E5,-1,gpp,gpp,NA,NA,NA,1
gpt,10,G5,1,gpt,gpt,NA,NA,NA,1
greA,9,E9,-1,greA,greA,NA,NA,NA,1
greB,20,D11,1,greB,greB,NA,NA,NA,1
groE,20,F9,NA,NA,NA,NA,NA,NA,NA
grpE,17,G1,-1,grpE,grpE,NA,NA,NA,1
grxA,18,C1,-1,grxA,grxA,NA,NA,NA,1
grxB,17,E3,-1,grxB,grxB,NA,NA,NA,1
grxC,17,E9,-1,grxC,grxC,NA,NA,NA,1
gshA,17,E7,-1,gshA,gshA,NA,NA,NA,1
gsk,5,D11,1,gsk,gsk,NA,NA,NA,1
gssA,6,H12,1,NA,NA,NA,NA,NA,0
gst,18,A7,1,gstA,gstA,NA,NA,NA,1
guaA,5,F11,-1,guaA,guaA,NA,NA,guaA,1
guaB,4,G6,-1,"guaB,guaA",NA,"guaB,guaA",guaBA,guaA,1
guaC,5,H10,1,guaC,guaC,NA,NA,NA,1
gudP,21,A4,-1,"gudP,gudX,gudD",NA,"gudP,gudX,gudD",gudPXD,NA,1
gutM,3,D3,1,srlM,srlM,NA,NA,NA,1
gyrB,20,A11,-1,gyrB,gyrB,NA,NA,NA,1
hcaR,3,E2,-1,hcaR,hcaR,NA,NA,NA,1
hcaT,16,F5,-1,hcaT,hcaT,NA,NA,NA,1
hcp,7,C7,-1,"hcp,hcr",NA,"hcp,hcr",hcp-hcr,NA,1
hda,10,D6,-1,hda,hda,NA,NA,NA,1
hdeA,19,A2,-1,"hdeA,hdeB,yhiD",NA,"hdeA,hdeB,yhiD",hdeAB-yhiD,"hdeB,yhiD",1
hdeB,2,D10,-1,hdeB,hdeB,NA,NA,hdeB,1
hdeD,18,C11,1,hdeD,hdeD,NA,NA,NA,1
hdfR,9,F1,-1,hdfR,hdfR,NA,NA,NA,1
hdhA,6,A10,-1,hdhA,hdhA,NA,NA,NA,1
helD,10,A3,1,helD,helD,NA,NA,NA,1
hemA,7,G3,1,"hemA,prfA,prmC",NA,"hemA,prfA,prmC",hemA-prfA-prmC,NA,1
hemB,7,A3,-1,hemB,hemB,NA,NA,NA,1
hemC,20,G1,-1,"hemC,hemD,hemX,hemY",NA,"hemC,hemD,hemX,hemY",hemCDXY,NA,1
hemG,7,E7,1,hemG,hemG,NA,NA,hemG,1
hemH,7,E12,1,hemH,hemH,NA,NA,NA,1
hemL,7,G8,-1,hemL,hemL,NA,NA,NA,1
hemN,7,F7,1,hemN,hemN,NA,NA,NA,1
hepA,8,D6,-1,"rapA,rluA",NA,"rapA,rluA",rapA-rluA,NA,1
hfq,2,E12,1,hfq,hfq,NA,NA,NA,1
hipB,18,H4,-1,"hipB,hipA",NA,"hipB,hipA",hipBA,NA,1
hisJ,14,H11,-1,hisJ,hisJ,NA,NA,NA,1
hisL,1,B1,1,"hisL,hisG,hisD,hisC,hisB,hisH,hisA,hisF,hisI",NA,"hisL,hisG,hisD,hisC,hisB,hisH,hisA,hisF,hisI",hisLGDCBHAFI,NA,1
hisQ,14,D2,-1,hisQ,hisQ,NA,NA,NA,1
hisS,10,B10,-1,hisS,hisS,NA,NA,NA,1
hlyE,20,F4,-1,hlyE,hlyE,NA,NA,NA,1
hofM,19,B7,-1,"hofM,hofN,hofO,hofP",NA,"hofM,hofN,hofO,hofP",hofMNOP,NA,1
hrpA,9,G2,1,hrpA,hrpA,NA,NA,NA,1
hrpB,10,A1,1,hrpB,hrpB,NA,NA,NA,1
hscB,13,E12,-1,"hscB,hscA,fdx,iscX",NA,"hscB,hscA,fdx,iscX",hscBA-fdx-iscX,NA,1
hscC,7,B9,-1,hscC,hscC,NA,NA,NA,1
hsdM,9,H2,-1,hsdM,hsdM,NA,NA,hsdM,1
hsdR,4,G12,-1,"hsdR,hsdM,hsdS",NA,"hsdR,hsdM,hsdS",hsdRMS,hsdM,1
hslJ,11,C2,-1,hslJ,hslJ,NA,NA,NA,1
hslV,4,E2,-1,"hslV,hslU",NA,"hslV,hslU",hslVU,NA,1
htpG,20,B9,1,htpG,htpG,NA,NA,NA,1
htpX,11,B11,-1,htpX,htpX,NA,NA,NA,1
htrA,4,E10,1,degP,degP,NA,NA,NA,1
htrL,19,B9,-1,htrL,htrL,NA,NA,NA,1
hupA,10,C9,1,hupA,hupA,NA,NA,NA,1
hupB,10,C5,1,hupB,hupB,NA,NA,NA,1
hyaA,8,A6,1,"hyaA,hyaB,hyaC,hyaD,hyaE,hyaF",NA,"hyaA,hyaB,hyaC,hyaD,hyaE,hyaF",hyaABCDEF,NA,1
hybO,4,D2,-1,"hybO,hybA,hybB,hybC,hybD,hybE,hybF,hybG",NA,"hybO,hybA,hybB,hybC,hybD,hybE,hybF,hybG",hybOABCDEFG,NA,1
hycB,4,A4,-1,hycB,hycB,NA,NA,NA,1
hydN,4,A3,-1,"hydN,hypF",NA,"hydN,hypF",hydN-hypF,NA,1
hyfR,5,C9,1,hyfR,hyfR,NA,NA,NA,1
iaaA,7,G2,1,"iaaA,gsiA,gsiB,gsiC,gsiD",NA,"iaaA,gsiA,gsiB,gsiC,gsiD",iaaA-gsiABCD,NA,1
iap,8,H6,1,iap,iap,NA,NA,NA,1
ibpB,11,C7,-1,ibpB,ibpB,NA,NA,NA,1
icd,1,H11,1,icd,icd,NA,NA,NA,1
idi,11,B2,1,idi,idi,NA,NA,NA,1
idnK,2,G4,1,idnK,idnK,NA,NA,NA,1
idnR,2,D9,-1,idnR,idnR,NA,NA,NA,1
idnT,16,A6,-1,idnT,idnT,NA,NA,NA,1
ihfB,20,B6,1,ihfB,ihfB,NA,NA,ihfB,1
ileV,8,C2,1,ileT,ileT,NA,NA,ileT,1
ileX,12,E4,1,ileX,ileX,NA,NA,NA,1
ilvC,1,C2,1,ilvC,ilvC,NA,NA,NA,1
ilvD,12,H3,1,ilvD,ilvD,NA,NA,ilvD,1
ilvI,1,A4,1,"ilvI,ilvH",NA,"ilvI,ilvH",ilvIH,NA,1
ilvL,1,C1,1,"ilvL,ilvX,ilvG_1,ilvG_2,ilvM,ilvE,ilvD,ilvA",NA,"ilvL,ilvX,ilvG_1,ilvG_2,ilvM,ilvE,ilvD,ilvA",ilvLXG_1G_2MEDA,ilvD,1
ilvY,1,D7,-1,ilvY,ilvY,NA,NA,NA,1
imp,11,D6,-1,"lptD,surA,pdxA,rsmA,apaG,apaH",NA,"lptD,surA,pdxA,rsmA,apaG,apaH",lptD-surA-pdxA-rsmA-apaGH,NA,1
inaA,11,D10,-1,inaA,inaA,NA,NA,NA,1
infA,8,H12,-1,infA,infA,NA,NA,NA,1
insA_1,13,G3,-1,"insA-1,insAB-1,insB-1",NA,"insA-1,insAB-1,insB-1",insAB-1A-1B-1,NA,1
insA_2,13,H2,-1,"insA-2,insAB-2,insB-2,afuB,afuC",NA,"insA-2,insAB-2,insB-2,afuB,afuC",insAB-2A-2B-2-afuBC,NA,1
insA_3,12,A1,-1,"insA-3,insAB-3,insB-3",NA,"insA-3,insAB-3,insB-3",insAB-3A-3B-3,NA,1
insA_7,6,H6,1,insA,insA,NA,NA,NA,1
insB_4,4,A2,1,"insA-4,insAB-4,insB-4",NA,"insA-4,insAB-4,insB-4",insA-4AB-4B-4,NA,1
intA,2,D3,1,intA,intA,NA,NA,NA,1
intB,2,F11,1,intB,intB,intB,intB,NA,1
intF,7,A8,-1,intF,intF,NA,NA,NA,1
intS,5,C7,1,intS,intS,NA,NA,NA,1
intZ,2,G2,1,intZ,intZ,NA,NA,NA,1
iscR,10,D9,-1,"iscR,iscS,iscU,iscA",NA,"iscR,iscS,iscU,iscA",iscRSUA,iscS,1
iscS,10,D8,-1,iscS,iscS,NA,NA,iscS,1
ispB,7,G5,1,ispB,ispB,NA,NA,NA,1
katE,13,E4,1,katE,katE,NA,NA,NA,1
katG,20,D12,1,katG,katG,NA,NA,NA,1
kbaZ,7,H7,1,"kbaZ,agaV,agaW,agaA",NA,"kbaZ,agaV,agaW,agaA",kbaZ-agaVWA,NA,1
kbl,4,C6,-1,"kbl,tdh",NA,"kbl,tdh",kbl-tdh,NA,1
kch,17,F1,-1,kch,kch,NA,NA,NA,1
kdgR,16,D5,-1,kdgR,kdgR,NA,NA,NA,1
kdsB,14,B5,1,kdsB,kdsB,NA,NA,NA,1
kdtA,8,H4,1,"waaA,coaD",NA,"waaA,coaD",waaA-coaD,NA,1
kefF,18,A3,1,"kefF,kefC",NA,"kefF,kefC",kefFC,NA,1
kefG,14,H2,-1,"kefG,kefB,yheV",NA,"kefG,kefB,yheV",kefGB-yheV,NA,1
kil,15,F12,-1,"kilR,ydaE",NA,"kilR,ydaE",kilR-ydaE,NA,1
lacA,21,A9,-1,lacA,lacA,NA,NA,lacA,1
lacI,20,H2,-1,lacI,lacI,NA,NA,lacI,1
lacY,15,H10,-1,lacY,lacY,NA,NA,lacY,1
lacZ,6,H1,-1,"lacZ,lacY,lacA",NA,"lacZ,lacY,lacA",lacZYA,"lacY,lacA",1
lacZ,17,H1,-1,"lacZ,lacY,lacA",NA,"lacZ,lacY,lacA",lacZYA,"lacY,lacA",1
lacZ,14,H1,-1,"lacZ,lacY,lacA",NA,"lacZ,lacY,lacA",lacZYA,"lacY,lacA",1
lacZ,13,H1,-1,"lacZ,lacY,lacA",NA,"lacZ,lacY,lacA",lacZYA,"lacY,lacA",1
lacZ,20,C1,-1,"lacZ,lacY,lacA",NA,"lacZ,lacY,lacA",lacZYA,"lacY,lacA",1
lacZ,8,H1,-1,"lacZ,lacY,lacA",NA,"lacZ,lacY,lacA",lacZYA,"lacY,lacA",1
lacZ,4,H1,-1,"lacZ,lacY,lacA",NA,"lacZ,lacY,lacA",lacZYA,"lacY,lacA",1
lacZ,12,H1,-1,"lacZ,lacY,lacA",NA,"lacZ,lacY,lacA",lacZYA,"lacY,lacA",1
lacZ,1,H1,-1,"lacZ,lacY,lacA",NA,"lacZ,lacY,lacA",lacZYA,"lacY,lacA",1
lacZ,7,H1,-1,"lacZ,lacY,lacA",NA,"lacZ,lacY,lacA",lacZYA,"lacY,lacA",1
lacZ,15,H1,-1,"lacZ,lacY,lacA",NA,"lacZ,lacY,lacA",lacZYA,"lacY,lacA",1
lacZ,3,H1,-1,"lacZ,lacY,lacA",NA,"lacZ,lacY,lacA",lacZYA,"lacY,lacA",1
lacZ,5,H1,-1,"lacZ,lacY,lacA",NA,"lacZ,lacY,lacA",lacZYA,"lacY,lacA",1
lacZ,9,H1,-1,"lacZ,lacY,lacA",NA,"lacZ,lacY,lacA",lacZYA,"lacY,lacA",1
lacZ,11,H1,-1,"lacZ,lacY,lacA",NA,"lacZ,lacY,lacA",lacZYA,"lacY,lacA",1
lacZ,2,H1,-1,"lacZ,lacY,lacA",NA,"lacZ,lacY,lacA",lacZYA,"lacY,lacA",1
lacZ,2,C8,-1,"lacZ,lacY,lacA",NA,"lacZ,lacY,lacA",lacZYA,"lacY,lacA",1
lacZ,16,H1,-1,"lacZ,lacY,lacA",NA,"lacZ,lacY,lacA",lacZYA,"lacY,lacA",1
lacZ,10,H1,-1,"lacZ,lacY,lacA",NA,"lacZ,lacY,lacA",lacZYA,"lacY,lacA",1
lacZ,18,H1,-1,"lacZ,lacY,lacA",NA,"lacZ,lacY,lacA",lacZYA,"lacY,lacA",1
lacZ,20,H1,-1,"lacZ,lacY,lacA",NA,"lacZ,lacY,lacA",lacZYA,"lacY,lacA",1
lacZ,19,H1,-1,"lacZ,lacY,lacA",NA,"lacZ,lacY,lacA",lacZYA,"lacY,lacA",1
lctP,16,H11,1,"lldP,lldR,lldD",NA,"lldP,lldR,lldD",lldPRD,NA,1
ldhA,13,A9,-1,ldhA,ldhA,NA,NA,NA,1
lepA,9,A5,-1,"lepA,lepB",NA,"lepA,lepB",lepAB,NA,1
leuA,20,F1,-1,leuA,leuA,NA,NA,NA,1
leuS,2,B1,-1,"leuS,lptE,holA,nadD,cobC",NA,"leuS,lptE,holA,nadD,cobC",leuS-lptE-holA-nadD-cobC,NA,1
lexA,20,F11,1,"lexA,dinF",NA,"lexA,dinF",lexA-dinF,NA,1
lgt,9,A7,-1,"lgt,thyA",NA,"lgt,thyA",lgt-thyA,NA,1
ligA,9,G11,-1,"ligA,ypeB",NA,"ligA,ypeB",ligA-ypeB,NA,1
ligB,20,E3,-1,ligB,ligB,NA,NA,NA,1
ligT,10,E6,-1,thpR,thpR,NA,NA,NA,1
lipA,7,A5,-1,lipA,lipA,NA,NA,NA,1
lipB,7,A6,-1,lipB,lipB,NA,NA,NA,1
lit,12,D2,1,lit,lit,NA,NA,NA,1
lolA,13,F11,1,"lolA,rarA",NA,"lolA,rarA",lolA-rarA,NA,1
lolB,7,G12,-1,"lolB,ispE,prs",NA,"lolB,ispE,prs",lolB-ispE-prs,NA,1
lolC,14,B7,1,"lolC,lolD,lolE",NA,"lolC,lolD,lolE",lolCDE,NA,1
lon,20,G9,1,lon,lon,NA,NA,lon,1
lpd,1,F9,1,lpd,lpd,NA,NA,lpd,1
lpp,18,E8,1,lpp,lpp,NA,NA,NA,1
lpxC,9,D2,1,lpxC,lpxC,NA,NA,lpxC,1
lpxP,9,G1,1,lpxP,lpxP,NA,NA,NA,1
lsrR,17,D7,-1,"lsrR,lsrK",NA,"lsrR,lsrK",lsrRK,lsrK,1
luxS,6,D6,-1,luxS,luxS,NA,NA,NA,1
lysA,1,D2,-1,lysA,lysA,NA,NA,NA,1
lysR,1,B8,1,lysR,lysR,NA,NA,NA,1
lysU,10,C1,-1,lysU,lysU,NA,NA,NA,1
macA,2,F12,1,"macA,macB",NA,"macA,macB",macAB,NA,1
maeB,2,B4,-1,maeB,maeB,NA,NA,NA,1
malE,1,F12,-1,"malE,malF,malG",NA,"malE,malF,malG",malEFG,malF,1
malF,20,B1,-1,malF,malF,NA,NA,malF,1
malI,20,H5,-1,malI,malI,NA,NA,NA,1
malS,10,G10,1,malS,malS,NA,NA,NA,1
malX,20,G7,1,"malX,malY",NA,"malX,malY",malXY,NA,1
manX,17,D1,1,"manX,manY,manZ",NA,"manX,manY,manZ",manXYZ,manY,1
manY,17,B3,1,manY,manY,NA,NA,manY,1
map,9,E2,-1,"map,glnD,dapD",NA,"map,glnD,dapD",map-glnD-dapD,NA,1
marC,13,H11,-1,marC,marC,NA,NA,NA,1
marR,13,E2,1,"marR,marA,marB",NA,"marR,marA,marB",marRAB,NA,1
mazE,7,B12,-1,mazE,mazE,NA,NA,mazE,1
mazG,10,B1,-1,mazG,mazG,NA,NA,mazG,1
mcrA,7,B3,1,mcrA,mcrA,NA,NA,NA,1
mcrB,4,E3,-1,"mcrB,mcrC",NA,"mcrB,mcrC",mcrBC,NA,1
mdoB,11,C11,-1,opgB,opgB,NA,NA,NA,1
mdtG,16,A2,-1,mdtG,mdtG,NA,NA,NA,1
mdtH,20,A1,-1,mdtH,mdtH,NA,NA,NA,1
mdtK,15,H4,1,mdtK,mdtK,NA,NA,NA,1
mdtN,3,B8,-1,"mdtN,mdtO,mdtP,ytcA",ytcA,"mdtN,mdtO,mdtP",mdtNOP,mdtO,1
mdtO,3,B7,-1,mdtO,mdtO,NA,NA,mdtO,1
menD,7,A9,-1,menD,menD,NA,NA,menD,1
menF,7,A10,-1,"menF,menD,menH,menB,menC,menE",NA,"menF,menD,menH,menB,menC,menE",menFDHBCE,menD,1
menG,7,B1,1,NA,NA,NA,NA,NA,1
metA,1,C7,1,metA,metA,NA,NA,NA,1
metB,1,C5,1,"metB,metL",NA,"metB,metL",metBL,NA,1
metC,1,B9,1,metC,metC,NA,NA,NA,1
metE,1,C4,1,metE,metE,NA,NA,NA,1
metF,5,B2,1,metF,metF,NA,NA,NA,1
metG,10,A4,1,metG,metG,NA,NA,NA,1
metJ,1,D9,-1,metJ,metJ,NA,NA,NA,1
metK,5,E7,1,metK,metK,NA,NA,NA,1
metR,1,D8,-1,metR,metR,NA,NA,NA,1
metZ,8,B4,1,NA,NA,NA,NA,NA,3
mfd,10,B7,-1,mfd,mfd,NA,NA,NA,1
mglA,14,C12,-1,mglA,mglA,NA,NA,mglA,1
mglB,14,H8,-1,"mglB,mglA,mglC",NA,"mglB,mglA,mglC",mglBAC,mglA,1
mgsA,6,A8,-1,mgsA,mgsA,NA,NA,NA,1
mhpR,3,D11,-1,"mhpR,lacI",NA,"mhpR,lacI",mhpR-lacI,lacI,1
minC,13,A7,-1,"minC,minD,minE",NA,"minC,minD,minE",minCDE,NA,1
mipA,19,B3,-1,mipA,mipA,NA,NA,NA,1
mlc,17,A1,-1,"mlc,ynfK",NA,"mlc,ynfK",mlc-ynfK,ynfK,1
mltC,18,E11,1,mltC,mltC,NA,NA,mltC,1
mltD,3,H9,-1,mltD,mltD,NA,NA,NA,1
mngR,2,A10,-1,mngR,mngR,NA,NA,NA,1
mntR,7,E8,1,"mntR,ybiR",NA,"mntR,ybiR",mntR-ybiR,NA,1
moaA,7,G1,1,"moaA,moaB,moaC,moaD,moaE",NA,"moaA,moaB,moaC,moaD,moaE",moaABCDE,NA,1
mobA,7,H4,-1,"mobA,mobB",NA,"mobA,mobB",mobAB,NA,1
modF,14,C6,-1,modF,modF,NA,NA,NA,1
moeA,7,G11,-1,"moeA,moeB",NA,"moeA,moeB",moeAB,NA,1
mog,7,F8,1,mog,mog,NA,NA,NA,1
molR_2,7,F5,1,molR_2,molR_2,NA,NA,NA,1
motA,20,C2,-1,"motA,motB,cheA,cheW",NA,"motA,motB,cheA,cheW",motAB-cheAW,NA,1
mpaA,17,F4,-1,NA,NA,NA,NA,NA,0
mqo,1,G12,-1,mqo,mqo,NA,NA,NA,1
mraZ,11,H2,1,"mraZ,rsmH,ftsL,ftsI,murE,murF,mraY,murD,ftsW,murG,murC,ddlB,ftsQ,ftsA,ftsZ,lpxC",NA,"mraZ,rsmH,ftsL,ftsI,murE,murF,mraY,murD,ftsW,murG,murC,ddlB,ftsQ,ftsA,ftsZ,lpxC",mraZ-rsmH-ftsLI-murEF-mraY-murD-ftsW-murGC-ddlB-ftsQAZ-lpxC,"murC,ftsQ,ftsZ,lpxC",1
mrcB,18,E5,1,mrcB,mrcB,NA,NA,NA,1
mreC,18,H11,-1,mreC,mreC,NA,NA,NA,1
mrp,10,E11,-1,mrp,mrp,NA,NA,NA,1
mrr,10,H3,1,mrr,mrr,NA,NA,NA,1
msbB,9,A3,-1,lpxM,lpxM,NA,NA,NA,1
mscL,16,H8,1,mscL,mscL,NA,NA,NA,1
mscS,6,E3,-1,mscS,mscS,NA,NA,NA,1
msrA,9,F7,-1,msrA,msrA,NA,NA,NA,1
msrB,2,B10,-1,NA,NA,NA,NA,NA,0
mtr,17,A8,-1,mtr,mtr,NA,NA,NA,1
mug,13,B9,-1,mug,mug,NA,NA,NA,1
murA,18,H9,-1,murA,murA,NA,NA,murA,1
murB,18,F1,1,"murB,birA",NA,"murB,birA",murB-birA,NA,1
murC,18,E4,1,murC,murC,NA,NA,murC,1
mutH,12,E2,1,mutH,mutH,NA,NA,NA,1
mutM,12,F6,-1,mutM,mutM,NA,NA,NA,1
mutS,12,E1,1,mutS,mutS,NA,NA,NA,1
mutT,12,G6,1,mutT,mutT,NA,NA,mutT,1
mutY,12,E3,1,"mutY,yggX,mltC,nupG",NA,"mutY,yggX,mltC,nupG",mutY-yggX-mltC-nupG,"mltC,nupG",1
mviN,7,E2,1,murJ,murJ,NA,NA,NA,1
nac,8,F9,-1,nac,nac,NA,NA,NA,1
nadC,18,B11,-1,nadC,nadC,NA,NA,NA,1
nadK,5,H9,1,nadK,nadK,NA,NA,NA,1
nagA,17,E2,-1,nagA,nagA,NA,NA,nagA,1
nagB,17,D9,-1,"nagB,nagA,nagC,umpH",NA,"nagB,nagA,nagC,umpH",nagBAC-umpH,nagA,1
nagE,17,C12,1,nagE,nagE,NA,NA,NA,1
nanA,18,H10,-1,"nanA,nanT,nanE,nanK,yhcH",NA,"nanA,nanT,nanE,nanK,yhcH",nanATEK-yhcH,nanT,1
nanR,15,E11,-1,NA,NA,NA,NA,NA,0
nanT,16,F6,-1,nanT,nanT,NA,NA,nanT,1
napF,12,A7,-1,"napF,napD,napA,napG,napH,napB,napC,ccmA,ccmB,ccmC,ccmD,ccmE,ccmF,ccmG,ccmH",NA,"napF,napD,napA,napG,napH,napB,napC,ccmA,ccmB,ccmC,ccmD,ccmE,ccmF,ccmG,ccmH",napFDAGHBC-ccmABCDEFGH,NA,1
narQ,3,F6,1,narQ,narQ,NA,NA,NA,1
narU,16,A3,-1,narU,narU,NA,NA,NA,1
narX,16,G3,-1,"narX,narL",NA,"narX,narL",narXL,NA,1
narZ,3,H12,-1,"narZ,narY,narW,narV",NA,"narZ,narY,narW,narV",narZYWV,NA,1
ndh,3,G4,1,ndh,ndh,NA,NA,NA,1
ndk,20,D6,-1,ndk,ndk,NA,NA,NA,1
nfnB,13,E8,-1,nfsB,nfsB,NA,NA,NA,1
nfo,12,G12,1,nfo,nfo,NA,NA,NA,1
nfrB,14,A2,-1,"nfrB,nfrA",NA,"nfrB,nfrA",nfrBA,NA,1
nhaA,13,D9,1,"nhaA,nhaR",NA,"nhaA,nhaR",nhaAR,NA,1
nhoA,12,D6,1,nhoA,nhoA,NA,NA,NA,1
nlpA,9,B4,-1,nlpA,nlpA,NA,NA,NA,1
nlpC,9,A2,-1,nlpC,nlpC,NA,NA,NA,1
nlpD,9,A6,-1,"nlpD,rpoS",NA,"nlpD,rpoS",nlpD-rpoS,rpoS,1
nlpI,11,C5,-1,nlpI,nlpI,NA,NA,NA,1
nmpC,15,A9,-1,nmpC,nmpC,NA,NA,NA,1
nohA,16,F2,-1,"nohA,ydfN,tfaQ",NA,"nohA,ydfN,tfaQ",nohA-ydfN-tfaQ,NA,1
nohB,9,G6,1,nohB,nohB,NA,NA,NA,1
norR,4,A9,-1,norR,norR,NA,NA,NA,1
norV,3,E10,1,"norV,norW",NA,"norV,norW",norVW,NA,1
nrdB,18,A8,1,nrdB,nrdB,NA,NA,NA,1
nrdD,17,E10,-1,"nrdD,nrdG",NA,"nrdD,nrdG",nrdDG,nrdG,1
nrdG,6,B8,-1,nrdG,nrdG,NA,NA,nrdG,1
nrdH,18,A9,1,"nrdH,nrdI,nrdE,nrdF",NA,"nrdH,nrdI,nrdE,nrdF",nrdHIEF,NA,1
nrfA,3,F12,1,"nrfA,nrfB,nrfC,nrfD,nrfE,nrfF,nrfG",NA,"nrfA,nrfB,nrfC,nrfD,nrfE,nrfF,nrfG",nrfABCDEFG,nrfE,1
nrfE,3,G8,1,nrfE,nrfE,NA,NA,nrfE,1
nudB,6,B1,-1,"nudB,yebC,ruvC",NA,"nudB,yebC,ruvC",nudB-yebC-ruvC,NA,1
nudC,19,H3,1,"nudC,hemE,nfi",NA,"nudC,hemE,nfi",nudC-hemE-nfi,NA,1
nudE,4,A6,-1,nudE,nudE,NA,NA,NA,1
nudF,11,D12,-1,"nudF,yqiB,cpdA,yqiA,parE",NA,"nudF,yqiB,cpdA,yqiA,parE",nudF-yqiB-cpdA-yqiA-parE,cpdA,1
nudG,10,F8,1,nudG,nudG,NA,NA,NA,1
nudH,13,B7,-1,"rppH,ptsP",NA,"rppH,ptsP",rppH-ptsP,NA,1
nuoM,4,A1,-1,nuoM,nuoM,NA,NA,NA,1
nupC,16,G11,1,nupC,nupC,NA,NA,NA,1
nupG,16,E8,1,nupG,nupG,NA,NA,nupG,1
nupX,14,H9,-1,nupX,nupX,NA,NA,NA,1
ompA,18,H3,-1,ompA,ompA,NA,NA,NA,1
ompC,20,D5,-1,ompC,ompC,NA,NA,NA,1
ompG,18,E7,1,ompG,ompG,NA,NA,NA,1
ompN,12,C6,-1,ompN,ompN,NA,NA,NA,1
ompR,20,C4,-1,"ompR,envZ",NA,"ompR,envZ",ompR-envZ,NA,1
ompT,18,H2,-1,ompT,ompT,NA,NA,ompT,1
ompW,16,D12,1,ompW,ompW,NA,NA,NA,1
ompX,18,D10,1,ompX,ompX,NA,NA,NA,1
oppA,15,B7,NA,NA,NA,NA,NA,NA,NA
oppB,14,E2,1,oppB,oppB,NA,NA,NA,1
osmB,11,C1,-1,osmB,osmB,NA,NA,NA,1
osmC,4,H7,1,osmC,osmC,NA,NA,NA,1
osmE,18,C2,-1,osmE,osmE,NA,NA,NA,1
otsB,11,C4,-1,"otsB,otsA",NA,"otsB,otsA",otsBA,NA,1
oxyR,20,D1,1,oxyR,oxyR,NA,NA,NA,1
paaX,11,F12,1,"paaX,paaY",NA,"paaX,paaY",paaXY,NA,1
pabC,7,F4,1,"pabC,mltG,tmk,holB,ycfH",NA,"pabC,mltG,tmk,holB,ycfH",pabC-mltG-tmk-holB-ycfH,NA,1
pagB,2,E11,-1,yjbD,yjbD,NA,NA,NA,1
panB,17,E1,-1,"panB,panC",NA,"panB,panC",panBC,NA,1
panD,18,B12,-1,panD,panD,NA,NA,NA,1
panE,9,H6,-1,"panE,yajL",NA,"panE,yajL",panE-yajL,NA,1
parC,9,G12,-1,parC,parC,NA,NA,NA,1
pbpG,18,H7,-1,pbpG,pbpG,NA,NA,NA,1
pck,12,A10,1,pck,pck,NA,NA,NA,1
pcnB,8,D7,-1,"pcnB,folK",NA,"pcnB,folK",pcnB-folK,NA,1
pdhR,2,A7,1,"pdhR,aceE,aceF,lpd",NA,"pdhR,aceE,aceF,lpd",pdhR-aceEF-lpd,lpd,1
pdxB,11,D11,-1,"pdxB,usg,truA,dedA",NA,"pdxB,usg,truA,dedA",pdxB-usg-truA-dedA,"usg,dedA",1
pdxH,17,E4,-1,"pdxH,tyrS,pdxY",NA,"pdxH,tyrS,pdxY",pdxH-tyrS-pdxY,"tyrS,pdxY",1
pdxK,18,C5,-1,pdxK,pdxK,NA,NA,NA,1
pdxY,6,A11,-1,pdxY,pdxY,NA,NA,pdxY,1
pepB,6,D2,-1,pepB,pepB,NA,NA,NA,1
pepD,4,G2,-1,pepD,pepD,NA,NA,NA,1
pepE,4,G11,-1,pepE,pepE,NA,NA,NA,1
pepN,10,G4,1,pepN,pepN,NA,NA,NA,1
pepQ,10,G12,1,"pepQ,yigZ,trkH,hemG",NA,"pepQ,yigZ,trkH,hemG",pepQ-yigZ-trkH-hemG,hemG,1
pepT,14,B8,1,pepT,pepT,NA,NA,NA,1
perR,14,F7,-1,perR,perR,NA,NA,NA,1
pfkA,1,G2,1,pfkA,pfkA,NA,NA,NA,1
pfkB,2,A4,1,pfkB,pfkB,NA,NA,NA,1
pflA,3,H11,-1,pflA,pflA,NA,NA,NA,1
pgi,2,C6,1,pgi,pgi,NA,NA,NA,1
pgk,5,F12,-1,pgk,pgk,NA,NA,NA,1
pgmI,18,D4,1,"gpmM,envC,yibQ",NA,"gpmM,envC,yibQ",gpmM-envC-yibQ,NA,1
pgpB,8,G8,1,pgpB,pgpB,NA,NA,NA,1
pgsA,9,A4,-1,pgsA,pgsA,NA,NA,NA,1
pheL,1,B3,1,"pheL,pheA",NA,"pheL,pheA",pheLA,NA,1
pheM,10,B8,-1,pheM,pheM,NA,NA,NA,1
pheP,16,E6,1,pheP,pheP,NA,NA,NA,1
pheS,1,C11,-1,pheS,pheS,NA,NA,NA,1
phnC,14,D8,-1,"phnC,phnD,phnE_1,phnE_2,phnF,phnG,phnH,phnI,phnJ,phnK,phnL,phnM,phnN,phnO,phnP",NA,"phnC,phnD,phnE_1,phnE_2,phnF,phnG,phnH,phnI,phnJ,phnK,phnL,phnM,phnN,phnO,phnP",phnCDE_1E_2FGHIJKLMNOP,phnL,1
phnL,6,B7,-1,phnL,phnL,NA,NA,phnL,1
phnQ,3,B9,-1,NA,NA,NA,NA,NA,1
phoA,20,G8,1,"phoA,psiF",NA,"phoA,psiF",phoA-psiF,psiF,1
phoB,20,H9,1,"phoB,phoR",NA,"phoB,phoR",phoBR,phoR,1
phoH,6,F12,1,phoH,phoH,NA,NA,NA,1
phoP,5,F9,-1,"phoP,phoQ",NA,"phoP,phoQ",phoPQ,NA,1
phoR,20,A7,1,phoR,phoR,NA,NA,phoR,1
pinE,4,E9,1,pinE,pinE,NA,NA,NA,1
pinH,10,A8,-1,pinH,pinH,pinH,pinH,NA,1
pinR,17,F5,-1,pinR,pinR,NA,NA,NA,1
pitA,16,H3,1,pitA,pitA,NA,NA,NA,1
pitB,17,A2,-1,pitB,pitB,NA,NA,NA,1
pldA,6,G12,1,pldA,pldA,NA,NA,NA,1
pldB,6,H2,1,"pldB,yigL",NA,"pldB,yigL",pldB-yigL,NA,1
plsB,9,F4,-1,plsB,plsB,NA,NA,NA,1
plsC,9,A9,-1,plsC,plsC,NA,NA,NA,1
plsX,9,D4,1,plsX,plsX,NA,NA,NA,1
pmbA,8,H11,1,pmbA,pmbA,NA,NA,NA,1
pmrD,13,E11,-1,pmrD,pmrD,NA,NA,NA,1
pncB,4,G1,-1,pncB,pncB,NA,NA,NA,1
pnp,8,E3,-1,pnp,pnp,NA,NA,NA,1
pntA,6,H8,-1,"pntA,pntB",NA,"pntA,pntB",pntAB,NA,1
polA,11,H8,1,polA,polA,NA,NA,NA,1
polB,20,E6,-1,polB,polB,NA,NA,NA,1
potA,14,G9,-1,"potA,potB,potC,potD",NA,"potA,potB,potC,potD",potABCD,NA,1
potF,15,B6,1,"potF,potG,potH,potI",NA,"potF,potG,potH,potI",potFGHI,NA,1
poxB,3,B1,-1,"poxB,ltaE,ybjT",NA,"poxB,ltaE,ybjT",poxB-ltaE-ybjT,NA,1
ppa,15,E12,-1,ppa,ppa,NA,NA,NA,1
ppdD,8,C11,-1,"ppdD,hofB,hofC",NA,"ppdD,hofB,hofC",ppdD-hofBC,NA,1
pphA,17,G7,-1,"pphA,sdsR","pphA,sdsR",sdsR,sdsR,NA,1
ppiA,16,G6,-1,ppiA,ppiA,NA,NA,NA,1
ppiB,10,E5,-1,"ppiB,lpxH",NA,"ppiB,lpxH",ppiB-lpxH,NA,1
ppiC,9,F9,-1,ppiC,ppiC,NA,NA,NA,1
ppiD,11,G6,1,ppiD,ppiD,NA,NA,NA,1
pppA,4,C12,-1,pppA,pppA,NA,NA,NA,1
pqiA,7,D11,1,"pqiA,pqiB",NA,"pqiA,pqiB",pqiAB,NA,1
prfB,9,A8,-1,prfB,prfB,NA,NA,NA,1
prfC,9,D7,1,prfC,prfC,NA,NA,NA,1
priA,9,H9,-1,priA,priA,NA,NA,NA,1
priC,11,H12,-1,"priC,ybaM",NA,"priC,ybaM",priC-ybaM,NA,1
prlC,4,G7,-1,"prlC,rsmJ",NA,"prlC,rsmJ",prlC-rsmJ,NA,1
prmB,1,E9,NA,NA,NA,NA,NA,NA,NA
proB,1,A7,1,NA,NA,NA,NA,NA,0
proL,8,B6,1,proL,proL,NA,NA,NA,1
proQ,17,G6,-1,"proQ,prc",NA,"proQ,prc",proQ-prc,NA,1
proS,10,B5,-1,proS,proS,NA,NA,NA,1
proX,11,A5,1,proX,proX,NA,NA,NA,1
prpB,8,A5,1,"prpB,prpC,prpD,prpE",NA,"prpB,prpC,prpD,prpE",prpBCDE,NA,1
prpC,13,D3,1,NA,NA,NA,NA,NA,3
prpR,8,F4,-1,prpR,prpR,NA,NA,NA,1
psd,9,B11,-1,NA,NA,NA,NA,NA,0
psiE,18,F7,1,psiE,psiE,NA,NA,NA,1
psiF,6,F6,1,psiF,psiF,NA,NA,psiF,1
pspB,7,C11,1,pspB,pspB,NA,NA,NA,1
pspE,7,F9,1,pspE,pspE,NA,NA,NA,1
pspF,15,D6,-1,pspF,pspF,NA,NA,NA,1
pstC,14,D6,-1,pstC,pstC,NA,NA,pstC,1
pstS,20,G2,-1,"pstS,pstC,pstA,pstB,phoU",NA,"pstS,pstC,pstA,pstB,phoU",pstSCAB-phoU,pstC,1
pth,12,A3,-1,"pth,ychF",NA,"pth,ychF",pth-ychF,ychF,1
ptrB,4,D11,-1,ptrB,ptrB,NA,NA,NA,1
ptsA,16,D8,-1,NA,NA,NA,NA,NA,1
ptsG,1,F11,1,ptsG,ptsG,NA,NA,NA,1
purM,5,E1,1,"purM,purN",NA,"purM,purN",purMN,NA,1
purT,12,D11,1,purT,purT,NA,NA,NA,1
pykF,2,A8,1,pykF,pykF,NA,NA,NA,1
pyrB,9,H4,-1,pyrB,pyrB,NA,NA,NA,1
pyrC,9,G10,-1,pyrC,pyrC,NA,NA,NA,1
pyrG,6,B3,-1,"pyrG,eno",NA,"pyrG,eno",pyrG-eno,eno,1
pyrH,6,F5,1,pyrH,pyrH,NA,NA,NA,1
qseB,8,G3,1,"qseB,qseC",NA,"qseB,qseC",qseBC,NA,1
racC,14,H4,-1,racC,racC,NA,NA,NA,1
racR,15,H8,-1,racR,racR,NA,NA,NA,1
rbfA,9,A10,-1,NA,NA,NA,NA,NA,0
rbsD,16,H12,1,"rbsD,rbsA,rbsC,rbsB,rbsK,rbsR",NA,"rbsD,rbsA,rbsC,rbsB,rbsK,rbsR",rbsDACBKR,NA,1
rcsA,18,E9,1,rcsA,rcsA,NA,NA,NA,1
rcsC,19,B5,-1,rcsC,rcsC,NA,NA,NA,1
rcsF,18,G11,-1,"rcsF,trmO",NA,"rcsF,trmO",rcsF-trmO,NA,1
rdoA,12,A9,1,"rdoA,dsbA",NA,"rdoA,dsbA",rdoA-dsbA,NA,1
recA,20,G5,-1,"recA,recX",NA,"recA,recX",recAX,recX,1
recE,4,D9,-1,"recE,recT,ralR,ydaC,xisR,intR",NA,"recE,recT,ralR,ydaC,xisR,intR",recET-ralR-ydaC-xisR-intR,NA,1
recN,12,H2,1,NA,NA,NA,NA,NA,0
recX,6,D7,-1,recX,recX,NA,NA,recX,1
relA,20,B4,-1,"relA,mazE,mazF,mazG",NA,"relA,mazE,mazF,mazG",relA-mazEFG,"mazE,mazG",1
relB,20,C5,-1,"relB,relE,hokD",NA,"relB,relE,hokD",relBE-hokD,NA,1
renD,1,G6,1,"renD,emrE",NA,"renD,emrE",renD-emrE,"renD,emrE",1
rfaD,18,E3,1,"rfaD,waaF,waaC,waaL",NA,"rfaD,waaF,waaC,waaL",rfaD-waaFCL,NA,1
rfaH,9,E7,-1,rfaH,rfaH,NA,NA,NA,1
rfaQ,9,E12,-1,"waaQ,waaG,waaP,waaS,waaB,waaO,waaJ,waaY,waaZ,waaU",NA,"waaQ,waaG,waaP,waaS,waaB,waaO,waaJ,waaY,waaZ,waaU",waaQGPSBOJYZU,waaZ,1
rfaZ,9,B3,-1,waaZ,waaZ,NA,NA,waaZ,1
rfbA,4,C2,-1,rfbA,rfbA,NA,NA,rfbA,1
rfbB,4,C4,-1,"rfbB,rfbD,rfbA,rfbC,rfbX",NA,"rfbB,rfbD,rfbA,rfbC,rfbX",rfbBDACX,rfbA,1
rfe,5,A11,1,"rfe,wzzE,wecB,wecC,rffG,rffH,rffC,wecE,wzxE,rffT,wzyE,rffM",NA,"rfe,wzzE,wecB,wecC,rffG,rffH,rffC,wecE,wzxE,rffT,wzyE,rffM",rfe-wzzE-wecBC-rffGHC-wecE-wzxE-rffT-wzyE-rffM,wzyE,1
rffC,9,D5,1,wecD,wecD,NA,NA,NA,1
rhaB,20,E12,-1,"rhaB,rhaA,rhaD",NA,"rhaB,rhaA,rhaD",rhaBAD,rhaD,1
rhaD,20,D3,-1,rhaD,rhaD,NA,NA,rhaD,1
rhaS,20,C8,1,"rhaS,rhaR",NA,"rhaS,rhaR",rhaSR,NA,1
rhaT,20,B3,-1,rhaT,rhaT,NA,NA,NA,1
rhlB,18,C8,-1,rhlB,rhlB,NA,NA,NA,1
rhlE,6,G3,1,rhlE,rhlE,NA,NA,NA,1
rho,8,B10,1,rho,rho,NA,NA,rho,1
rhoL,8,B9,1,"rhoL,rho",NA,"rhoL,rho",rhoL-rho,rho,1
rhsA,6,D8,1,"rhsA,yibA",NA,"rhsA,yibA",rhsA-yibA,NA,1
rhsB,2,E4,1,rhsB,rhsB,NA,NA,NA,1
rhsD,8,E4,1,"rhsD,ybbC,ylbH,ybbD",NA,"rhsD,ybbC,ylbH,ybbD",rhsD-ybbC-ylbH-ybbD,ybbC,1
rhsE,8,A4,1,"rhsE,ydcD",rhsE,"rhsE,ydcD",rhsE-ydcD,NA,1
rhtB,7,A2,-1,rhtB,rhtB,NA,NA,NA,1
ribA,9,E4,-1,ribA,ribA,NA,NA,NA,1
ribB,18,C6,-1,"sroG,ribB",ribB,"sroG,ribB",sroG-ribB,NA,1
ribC,18,A5,1,ribE,ribE,NA,NA,ribE,1
ribE,16,D4,-1,ribC,ribC,NA,NA,NA,1
rihA,14,D11,-1,rihA,rihA,NA,NA,NA,1
rihC,1,A1,1,rihC,rihC,NA,NA,NA,1
rimJ,19,H4,1,rimJ,rimJ,NA,NA,NA,1
rimL,19,F9,1,rimL,rimL,NA,NA,NA,1
rlmB,8,B11,1,rlmB,rlmB,NA,NA,rlmB,1
rluB,14,F5,1,rluB,rluB,NA,NA,NA,1
rluC,10,C7,1,rluC,rluC,NA,NA,NA,1
rluD,9,E6,-1,"rluD,yfiH",NA,"rluD,yfiH",rluD-yfiH,NA,1
rluE,2,B2,-1,"rluE,nudJ",NA,"rluE,nudJ",rluE-nudJ,NA,1
rluF,10,H2,1,rluF,rluF,NA,NA,NA,1
rmf,19,F4,1,rmf,rmf,NA,NA,NA,1
rmuC,12,H4,1,rmuC,rmuC,NA,NA,NA,1
rna,4,D8,-1,rna,rna,NA,NA,NA,1
rnd,4,D10,-1,rnd,rnd,NA,NA,NA,1
rne,4,G4,-1,rne,rne,NA,NA,NA,1
rnhA,13,A2,-1,rnhA,rnhA,NA,NA,NA,1
rnk,6,A7,-1,rnk,rnk,NA,NA,NA,1
rnt,4,E6,1,"rnt,lhr",NA,"rnt,lhr",rnt-lhr,NA,1
rob,13,B11,-1,rob,rob,NA,NA,NA,1
rof,8,G2,-1,"yaeP,rof",NA,"yaeP,rof",yaeP-rof,NA,1
rpe,1,H5,-1,rpe,rpe,NA,NA,rpe,1
rph,4,G9,-1,"rph,pyrE",NA,"rph,pyrE",rph-pyrE,NA,1
rpiA,1,H3,-1,rpiA,rpiA,NA,NA,NA,1
rplL,19,G6,1,rplL,rplL,NA,NA,NA,1
rplN,19,C9,-1,"rplN,rplX,rplE,rpsN,rpsH,rplF,rplR,rpsE,rpmD,rplO,secY,rpmJ",NA,"rplN,rplX,rplE,rpsN,rpsH,rplF,rplR,rpsE,rpmD,rplO,secY,rpmJ",rplNXE-rpsNH-rplFR-rpsE-rpmD-rplO-secY-rpmJ,NA,1
rplT,19,B10,-1,rplT,rplT,NA,NA,NA,1
rplY,19,F11,1,rplY,rplY,NA,NA,NA,1
rpmB,19,E12,-1,rpmB,rpmB,NA,NA,NA,1
rpmE,9,G7,1,rpmE,rpmE,NA,NA,NA,1
rpmI,19,B11,-1,rpmI,rpmI,NA,NA,NA,1
rpoD,20,D8,1,rpoD,rpoD,NA,NA,rpoD,1
rpoE,20,G4,-1,"rpoE,rseA,rseB,rseC",NA,"rpoE,rseA,rseB,rseC",rpoE-rseABC,NA,1
rpoH,20,F2,-1,rpoH,rpoH,NA,NA,NA,1
rpoS,20,F12,-1,rpoS,rpoS,NA,NA,rpoS,1
rpsA,19,F8,1,rpsA,rpsA,NA,NA,rpsA,1
rpsB,9,F11,1,"tff,rpsB,tsf",rpsB,"tff,rpsB,tsf",tff-rpsB-tsf,tsf,1
rpsG,19,F2,-1,rpsG,rpsG,NA,NA,rpsG,1
rpsJ,19,E11,-1,"rpsJ,rplC,rplD,rplW,rplB,rpsS,rplV,rpsC,rplP,rpmC,rpsQ",NA,"rpsJ,rplC,rplD,rplW,rplB,rpsS,rplV,rpsC,rplP,rpmC,rpsQ",rpsJ-rplCDWB-rpsS-rplV-rpsC-rplP-rpmC-rpsQ,NA,1
rpsL,19,C1,-1,"rpsL,rpsG,fusA,tufA",NA,"rpsL,rpsG,fusA,tufA",rpsLG-fusA-tufA,"rpsG,tufA",1
rpsM,19,C8,-1,"rpsM,rpsK,rpsD,rpoA,rplQ",NA,"rpsM,rpsK,rpsD,rpoA,rplQ",rpsMKD-rpoA-rplQ,NA,1
rpsO,19,C5,-1,rpsO,rpsO,NA,NA,NA,1
rpsP,19,C4,-1,"rpsP,rimM,trmD,rplS",NA,"rpsP,rimM,trmD,rplS",rpsP-rimM-trmD-rplS,NA,1
rpsT,20,H7,-1,rpsT,rpsT,NA,NA,NA,1
rpsU,19,H5,1,"rpsU,dnaG,rpoD",NA,"rpsU,dnaG,rpoD",rpsU-dnaG-rpoD,rpoD,1
rrfB,19,G5,1,NA,NA,NA,NA,NA,2
rrfC,19,G1,1,NA,NA,NA,NA,NA,2
rrfD,19,C6,-1,NA,NA,NA,NA,NA,2
rrfE,19,G7,1,NA,NA,NA,NA,NA,2
rrfG,19,B12,-1,NA,NA,NA,NA,NA,2
rrfH,19,F7,1,NA,NA,NA,NA,NA,2
rrlA,19,G3,1,rrlA,rrlA,NA,NA,rrlA,1
rrlB,19,G8,1,rrlE,rrlE,NA,NA,rrlE,1
rrlD,19,C7,-1,rrlD,rrlD,NA,NA,rrlD,1
rrlE,19,G9,1,rrlE,rrlE,NA,NA,rrlE,1
rrlG,19,F1,-1,rrlG,rrlG,NA,NA,rrlG,1
rrlH,19,F6,1,rrlA,rrlA,NA,NA,rrlA,1
rrmA,17,G5,-1,rlmA,rlmA,NA,NA,NA,1
rrnA,19,G2,1,"rrsA,ileT,alaT,rrlA,rrfA",NA,"rrsA,ileT,alaT,rrlA,rrfA",rrsA-ileT-alaT-rrlA-rrfA,"ileT,rrlA",1
rrnB,19,G4,1,"rrsB,gltT,rrlB,rrfB",NA,"rrsB,gltT,rrlB,rrfB",rrsB-gltT-rrlB-rrfB,NA,1
rrnC,19,H6,1,"rrsC,gltU,rrlC,rrfC",NA,"rrsC,gltU,rrlC,rrfC",rrsC-gltU-rrlC-rrfC,NA,1
rrnD,20,A4,-1,"rrsD,ileU,alaU,rrlD,rrfD,thrV,rrfF",NA,"rrsD,ileU,alaU,rrlD,rrfD,thrV,rrfF",rrsD-ileU-alaU-rrlD-rrfD-thrV-rrfF,rrlD,1
rrnG,19,C2,-1,"rrsG,gltW,rrlG,rrfG",NA,"rrsG,gltW,rrlG,rrfG",rrsG-gltW-rrlG-rrfG,rrlG,1
rrnH,19,F5,1,"rrsH,ileV,alaV,rrlH,rrfH",NA,"rrsH,ileV,alaV,rrlH,rrfH",rrsH-ileV-alaV-rrlH-rrfH,NA,1
rsd,19,H12,-1,rsd,rsd,NA,NA,NA,1
rssA,16,D11,1,"rssA,rssB",NA,"rssA,rssB",rssAB,rssB,1
rssB,4,E5,1,rssB,rssB,NA,NA,rssB,1
rstA,4,H4,1,"rstA,rstB",NA,"rstA,rstB",rstAB,NA,1
rsuA,8,F11,-1,rsuA,rsuA,NA,NA,NA,1
rumA,6,A2,-1,rlmD,rlmD,NA,NA,NA,1
ruvA,20,D7,-1,"ruvA,ruvB",NA,"ruvA,ruvB",ruvAB,NA,1
sanA,13,F12,1,"sanA,yeiS",NA,"sanA,yeiS",sanA-yeiS,NA,1
sapA,14,H7,-1,"sapA,sapB,sapC,sapD,sapF",NA,"sapA,sapB,sapC,sapD,sapF",sapABCDF,NA,1
sbcB,10,G7,1,sbcB,sbcB,NA,NA,NA,1
sbmA,14,B3,1,"sbmA,yaiW",NA,"sbmA,yaiW",sbmA-yaiW,yaiW,1
sbmC,12,E12,-1,sbmC,sbmC,NA,NA,NA,1
sdaA,2,F7,1,sdaA,sdaA,NA,NA,NA,1
sdhC,2,A9,1,"sdhC,sdhD,sdhA,sdhB,sucA,sucB,sucC,sucD",NA,"sdhC,sdhD,sdhA,sdhB,sucA,sucB,sucC,sucD",sdhCDAB-sucABCD,sucA,1
secA,13,F6,1,secA,secA,NA,NA,secA,1
secB,13,F5,-1,secB,secB,NA,NA,NA,1
secE,13,C4,1,"secE,nusG",NA,"secE,nusG",secE-nusG,NA,1
secM,1,A5,1,"secM,secA,mutT",NA,"secM,secA,mutT",secMA-mutT,"secA,mutT",1
selA,10,B12,-1,"selA,selB",NA,"selA,selB",selAB,NA,1
selC,15,H7,1,selC,selC,NA,NA,NA,1
selD,10,B9,-1,selD,selD,NA,NA,selD,1
seqA,10,A2,1,"seqA,pgm",NA,"seqA,pgm",seqA-pgm,NA,1
serA,2,C3,-1,serA,serA,NA,NA,NA,1
serA,6,C3,-1,serA,serA,NA,NA,NA,1
serA,10,C3,-1,serA,serA,NA,NA,NA,1
serA,17,C3,-1,serA,serA,NA,NA,NA,1
serA,19,C3,-1,serA,serA,NA,NA,NA,1
serA,4,C3,-1,serA,serA,NA,NA,NA,1
serA,20,C3,-1,serA,serA,NA,NA,NA,1
serA,1,C3,-1,serA,serA,NA,NA,NA,1
serA,18,C3,-1,serA,serA,NA,NA,NA,1
serA,1,F4,-1,serA,serA,NA,NA,NA,1
serA,15,C3,-1,serA,serA,NA,NA,NA,1
serA,14,C3,-1,serA,serA,NA,NA,NA,1
serA,9,C3,-1,serA,serA,NA,NA,NA,1
serA,5,C3,-1,serA,serA,NA,NA,NA,1
serA,13,C3,-1,serA,serA,NA,NA,NA,1
serA,3,C3,-1,serA,serA,NA,NA,NA,1
serA,8,C3,-1,serA,serA,NA,NA,NA,1
serA,7,C3,-1,serA,serA,NA,NA,NA,1
serA,11,C3,-1,serA,serA,NA,NA,NA,1
serA,16,C3,-1,serA,serA,NA,NA,NA,1
serA,12,C3,-1,serA,serA,NA,NA,NA,1
serB,1,C8,1,"serB,radA,nadR",NA,"serB,radA,nadR",serB-radA-nadR,NA,1
serC,1,A9,1,"serC,aroA",NA,"serC,aroA",serC-aroA,NA,1
serU,8,F7,-1,serU,serU,NA,NA,NA,1
serW,8,D5,-1,serW,serW,NA,NA,NA,1
serX,8,F5,-1,serX,serX,NA,NA,NA,1
setA,15,H6,1,"sgrS,sgrT,setA",setA,"sgrS,sgrT,setA",sgrST-setA,NA,1
setB,2,A5,1,setB,setB,NA,NA,NA,1
sfmA,7,F11,1,sfmA,sfmA,NA,NA,NA,1
sfmC,7,D7,1,"sfmC,sfmD",NA,"sfmC,sfmD",sfmCD,NA,1
sgcC,5,G4,-1,NA,NA,NA,NA,NA,1
shiA,16,G7,1,shiA,shiA,NA,NA,NA,1
sieB,5,B12,1,sieB,sieB,NA,NA,NA,1
sirA,4,A8,-1,tusA,tusA,NA,NA,NA,1
skp,10,C2,1,skp,skp,NA,NA,skp,1
slp,18,E2,1,"slp,dctR",NA,"slp,dctR",slp-dctR,NA,1
slt,14,C1,1,slt,slt,NA,NA,NA,1
slyA,13,H12,-1,slyA,slyA,NA,NA,NA,1
slyB,4,H5,1,slyB,slyB,NA,NA,NA,1
slyD,9,B2,-1,slyD,slyD,NA,NA,NA,1
slyX,8,H3,1,slyX,slyX,NA,NA,NA,1
smf,9,C4,-1,smf,smf,NA,NA,NA,1
smf_2,9,E10,-1,NA,NA,NA,NA,NA,1
smpA,17,C5,1,bamE,bamE,NA,NA,NA,1
smpB,19,D10,1,smpB,smpB,NA,NA,NA,1
smtA,5,D12,1,"cmoM,mukF,mukE,mukB",NA,"cmoM,mukF,mukE,mukB",cmoM-mukFEB,NA,1
sodA,20,E11,1,sodA,sodA,NA,NA,NA,1
sodB,12,G11,1,sodB,sodB,NA,NA,NA,1
sodC,13,E9,-1,sodC,sodC,NA,NA,NA,1
sohA,3,C12,1,"prlF,yhaV",NA,"prlF,yhaV",prlF-yhaV,NA,1
sohB,3,E5,1,sohB,sohB,NA,NA,NA,1
solA,7,C12,-1,"solA,yceO",NA,"solA,yceO",solA-yceO,NA,1
somA,2,G5,-1,ybjX,ybjX,NA,NA,NA,1
soxR,13,C2,1,soxR,soxR,NA,NA,NA,1
soxS,6,A3,-1,soxS,soxS,NA,NA,NA,1
speB,6,B6,-1,speB,speB,NA,NA,NA,1
speC,6,H11,-1,speC,speC,NA,NA,NA,1
speE,6,A5,-1,speE,speE,NA,NA,NA,1
speF,11,E7,-1,"speF,potE",NA,"speF,potE",speF-potE,NA,1
sppA,12,D10,1,sppA,sppA,NA,NA,NA,1
spr,5,C1,1,mepS,mepS,NA,NA,NA,1
spy,17,G2,-1,spy,spy,NA,NA,NA,1
sraB,15,G8,NA,NA,NA,NA,NA,NA,NA
srlA,17,D3,1,NA,NA,NA,NA,NA,0
srlR,3,D4,1,srlR,srlR,NA,NA,NA,1
srmB,8,B2,1,srmB,srmB,NA,NA,NA,1
ssb,20,H12,1,ssb,ssb,NA,NA,NA,1
sscR,2,G3,1,queD,queD,NA,NA,NA,1
sseA,19,D8,1,sseA,sseA,NA,NA,NA,1
sseB,6,D1,-1,sseB,sseB,NA,NA,NA,1
sspA,5,G1,-1,"sspA,sspB",NA,"sspA,sspB",sspAB,NA,1
ssrA,19,F12,1,ssrA,ssrA,NA,NA,NA,1
sstT,15,B11,1,sstT,sstT,NA,NA,NA,1
ssuE,4,A11,-1,"ssuE,ssuA,ssuD,ssuC,ssuB",NA,"ssuE,ssuA,ssuD,ssuC,ssuB",ssuEADCB,NA,1
stfE,15,D2,-1,"stfE,tfaE",stfE,"stfE,tfaE",stfE-tfaE,NA,1
stfR,17,H8,1,stfR,stfR,NA,NA,NA,1
sthA,19,H11,-1,sthA,sthA,NA,NA,NA,1
stpA,10,F2,-1,stpA,stpA,NA,NA,NA,1
sufI,8,D8,-1,ftsP,ftsP,NA,NA,NA,1
sulA,13,B12,-1,sulA,sulA,NA,NA,NA,1
syd,14,A1,-1,syd,syd,NA,NA,NA,1
talA,2,A3,1,"talA,tktB",NA,"talA,tktB",talA-tktB,tktB,1
talB,2,A2,1,talB,talB,NA,NA,NA,1
tam,6,E12,1,tam,tam,NA,NA,tam,1
tar,20,D4,-1,"tar,tap,cheR,cheB,cheY,cheZ",NA,"tar,tap,cheR,cheB,cheY,cheZ",tar-tap-cheRBYZ,NA,1
tatE,13,F9,1,tatE,tatE,NA,NA,NA,1
tdcB,2,D4,-1,tdcB,tdcB,NA,NA,NA,1
tdcG_2,2,C11,-1,tdcG,tdcG,NA,NA,NA,1
tdcG_2,2,D2,-1,tdcG,tdcG,NA,NA,NA,1
tesB,9,E3,-1,tesB,tesB,NA,NA,NA,1
tgt,10,C4,1,"tgt,yajC,secD,secF",NA,"tgt,yajC,secD,secF",tgt-yajC-secDF,yajC,1
thiC,17,H12,-1,"thiC,thiE,thiF,thiS,thiG,thiH",NA,"thiC,thiE,thiF,thiS,thiG,thiH",thiCEFSGH,NA,1
thiG,17,E11,-1,NA,NA,NA,NA,NA,1
thiI,10,G6,1,thiI,thiI,NA,NA,NA,1
thiL,18,A6,1,thiL,thiL,NA,NA,thiL,1
thiM,17,E6,-1,"thiM,thiD",NA,"thiM,thiD",thiMD,NA,1
thrU,9,G8,1,"thrU,tyrU,glyT,thrT,tufB",NA,"thrU,tyrU,glyT,thrT,tufB",thrU-tyrU-glyT-thrT-tufB,tufB,1
tig,11,A3,1,tig,tig,NA,NA,NA,1
tilS,11,A2,1,tilS,tilS,NA,NA,NA,1
tktA,2,A11,-1,NA,NA,NA,NA,NA,0
tktB,1,G1,1,tktB,tktB,NA,NA,tktB,1
tnaC,2,F9,1,"tnaC,tnaA,tnaB",NA,"tnaC,tnaA,tnaB",tnaCAB,NA,1
tolA,9,H7,1,tolA,tolA,NA,NA,tolA,1
tolB,10,G2,1,"tolB,pal,cpoB",NA,"tolB,pal,cpoB",tolB-pal-cpoB,NA,1
tolC,4,H9,1,"tolC,ygiA,ygiB,ygiC",NA,"tolC,ygiA,ygiB,ygiC",tolC-ygiABC,NA,1
tonB,16,E4,1,tonB,tonB,NA,NA,NA,1
torR,4,B2,-1,torR,torR,NA,NA,NA,1
torS,4,B1,-1,torS,torS,NA,NA,NA,1
torT,3,F1,1,torT,torT,NA,NA,NA,1
torY,17,G8,-1,"torY,torZ",NA,"torY,torZ",torYZ,NA,1
tpiA,1,H7,-1,tpiA,tpiA,NA,NA,NA,1
treA,11,B12,-1,treA,treA,NA,NA,NA,1
treB,17,A10,-1,"treB,treC",NA,"treB,treC",treBC,NA,1
treF,11,H9,1,treF,treF,NA,NA,NA,1
trkA,11,F5,1,trkA,trkA,NA,NA,NA,1
trmA,10,F5,-1,trmA,trmA,NA,NA,NA,1
trmE,13,G1,1,mnmE,mnmE,NA,NA,NA,1
trmU,12,B4,-1,mnmA,mnmA,NA,NA,NA,1
trpL,20,G12,-1,"trpL,trpE,trpD,trpC,trpB,trpA",NA,"trpL,trpE,trpD,trpC,trpB,trpA",trpLEDCBA,NA,1
trpR,1,C9,1,trpR,trpR,NA,NA,NA,1
trxA,18,B9,1,trxA,trxA,NA,NA,NA,1
trxC,8,B3,1,trxC,trxC,NA,NA,NA,1
tsf,9,D8,1,tsf,tsf,NA,NA,tsf,1
ttdA,3,F7,1,"ttdA,ttdB,ttdT",NA,"ttdA,ttdB,ttdT",ttdABT,NA,1
tufA,9,B1,-1,tufA,tufA,NA,NA,tufA,1
tufB,9,D6,1,tufB,tufB,NA,NA,tufB,1
tyrB,1,B5,1,tyrB,tyrB,NA,NA,NA,1
tyrP,17,D2,1,tyrP,tyrP,NA,NA,NA,1
tyrS,12,E10,-1,tyrS,tyrS,NA,NA,tyrS,1
tyrV,8,D9,-1,NA,NA,NA,NA,NA,8
U139,7,C10,1,NA,NA,NA,NA,NA,NA
U139,2,C10,1,NA,NA,NA,NA,NA,NA
U139,16,C10,1,NA,NA,NA,NA,NA,NA
U139,6,C10,1,NA,NA,NA,NA,NA,NA
U139,1,C10,1,NA,NA,NA,NA,NA,NA
U139,20,C10,1,NA,NA,NA,NA,NA,NA
U139,15,C10,1,NA,NA,NA,NA,NA,NA
U139,10,C10,1,NA,NA,NA,NA,NA,NA
U139,5,C10,1,NA,NA,NA,NA,NA,NA
U139,8,C10,1,NA,NA,NA,NA,NA,NA
U139,19,C10,1,NA,NA,NA,NA,NA,NA
U139,14,C10,1,NA,NA,NA,NA,NA,NA
U139,9,C10,1,NA,NA,NA,NA,NA,NA
U139,4,C10,1,NA,NA,NA,NA,NA,NA
U139,18,C10,1,NA,NA,NA,NA,NA,NA
U139,13,C10,1,NA,NA,NA,NA,NA,NA
U139,3,C10,1,NA,NA,NA,NA,NA,NA
U139,12,C10,1,NA,NA,NA,NA,NA,NA
U139,17,C10,1,NA,NA,NA,NA,NA,NA
U139,11,C10,1,NA,NA,NA,NA,NA,NA
U66,13,F3,-1,NA,NA,NA,NA,NA,NA
U66,3,F3,-1,NA,NA,NA,NA,NA,NA
U66,12,F3,-1,NA,NA,NA,NA,NA,NA
U66,7,F3,-1,NA,NA,NA,NA,NA,NA
U66,5,F3,-1,NA,NA,NA,NA,NA,NA
U66,16,F3,-1,NA,NA,NA,NA,NA,NA
U66,11,F3,-1,NA,NA,NA,NA,NA,NA
U66,1,F3,-1,NA,NA,NA,NA,NA,NA
U66,20,F3,-1,NA,NA,NA,NA,NA,NA
U66,9,F3,-1,NA,NA,NA,NA,NA,NA
U66,4,F3,-1,NA,NA,NA,NA,NA,NA
U66,19,F3,-1,NA,NA,NA,NA,NA,NA
U66,6,F3,-1,NA,NA,NA,NA,NA,NA
U66,8,F3,-1,NA,NA,NA,NA,NA,NA
U66,17,F3,-1,NA,NA,NA,NA,NA,NA
U66,10,F3,-1,NA,NA,NA,NA,NA,NA
U66,15,F3,-1,NA,NA,NA,NA,NA,NA
U66,2,F3,-1,NA,NA,NA,NA,NA,NA
U66,14,F3,-1,NA,NA,NA,NA,NA,NA
U66,18,F3,-1,NA,NA,NA,NA,NA,NA
ubiC,7,D9,1,"ubiC,ubiA",NA,"ubiC,ubiA",ubiCA,NA,1
ubiE,7,F6,1,"ubiE,ubiJ,ubiB",NA,"ubiE,ubiJ,ubiB",ubiEJB,NA,1
ubiF,14,A10,1,ubiF,ubiF,NA,NA,NA,1
ubiG,20,H8,1,ubiG,ubiG,NA,NA,NA,1
ubiX,6,B10,-1,ubiX,ubiX,NA,NA,ubiX,1
ucpA,6,C8,-1,ucpA,ucpA,NA,NA,NA,1
udk,6,H9,-1,"udk,dcd",NA,"udk,dcd",udk-dcd,dcd,1
udp,5,E3,1,udp,udp,NA,NA,NA,1
ugd,4,C1,-1,ugd,ugd,NA,NA,NA,1
ugpA,14,D4,-1,ugpA,ugpA,NA,NA,ugpA,1
ugpB,15,A1,-1,"ugpB,ugpA,ugpE,ugpC,ugpQ",NA,"ugpB,ugpA,ugpE,ugpC,ugpQ",ugpBAECQ,ugpA,1
uhpA,16,F8,-1,uhpA,uhpA,NA,NA,NA,1
uhpT,16,F7,-1,uhpT,uhpT,NA,NA,NA,1
uidA,3,B2,-1,"uidA,uidB,uidC",NA,"uidA,uidB,uidC",uidABC,uidC,1
uidC,18,H5,-1,uidC,uidC,NA,NA,uidC,1
umuD,20,G11,1,"umuD,umuC",NA,"umuD,umuC",umuDC,NA,1
ung,12,D12,1,ung,ung,NA,NA,NA,1
upp,5,E12,-1,"upp,uraA",NA,"upp,uraA",upp-uraA,NA,1
usg,6,B11,-1,usg,usg,NA,NA,usg,1
ushA,15,H2,1,ushA,ushA,NA,NA,NA,1
uspA,4,H11,1,uspA,uspA,NA,NA,NA,1
uspB,11,E3,-1,uspB,uspB,NA,NA,NA,1
uspE,16,B4,-1,uspE,uspE,NA,NA,NA,1
uspF,16,B7,-1,uspF,uspF,NA,NA,NA,1
uspG,14,F9,-1,uspG,uspG,NA,NA,NA,1
uvrA,2,B7,-1,uvrA,uvrA,NA,NA,NA,1
uvrC,20,B5,-1,uvrC,uvrC,NA,NA,uvrC,1
uvrD,20,E7,1,uvrD,uvrD,NA,NA,NA,1
uvrY,20,C6,-1,"uvrY,uvrC",NA,"uvrY,uvrC",uvrYC,uvrC,1
uxaC,16,G5,-1,"uxaC,uxaA",NA,"uxaC,uxaA",uxaCA,NA,1
uxuA,15,H9,1,"uxuA,uxuB",NA,"uxuA,uxuB",uxuAB,NA,1
uxuR,11,G9,1,uxuR,uxuR,NA,NA,NA,1
vacJ,9,E5,-1,mlaA,mlaA,NA,NA,NA,1
valT,8,C1,1,NA,NA,NA,NA,NA,2
valV,8,A8,1,"valV,valW",valW,"valV,valW",valVW,NA,1
wcaJ,17,G12,-1,NA,NA,NA,NA,NA,0
wrbA,2,F10,-1,"wrbA,yccJ",NA,"wrbA,yccJ",wrbA-yccJ,NA,1
wrbA,18,F10,-1,"wrbA,yccJ",NA,"wrbA,yccJ",wrbA-yccJ,NA,1
wrbA,16,F10,-1,"wrbA,yccJ",NA,"wrbA,yccJ",wrbA-yccJ,NA,1
wrbA,7,F10,-1,"wrbA,yccJ",NA,"wrbA,yccJ",wrbA-yccJ,NA,1
wrbA,11,F10,-1,"wrbA,yccJ",NA,"wrbA,yccJ",wrbA-yccJ,NA,1
wrbA,1,F10,-1,"wrbA,yccJ",NA,"wrbA,yccJ",wrbA-yccJ,NA,1
wrbA,5,F10,-1,"wrbA,yccJ",NA,"wrbA,yccJ",wrbA-yccJ,NA,1
wrbA,10,F10,-1,"wrbA,yccJ",NA,"wrbA,yccJ",wrbA-yccJ,NA,1
wrbA,13,F10,-1,"wrbA,yccJ",NA,"wrbA,yccJ",wrbA-yccJ,NA,1
wrbA,14,F10,-1,"wrbA,yccJ",NA,"wrbA,yccJ",wrbA-yccJ,NA,1
wrbA,1,E8,-1,"wrbA,yccJ",NA,"wrbA,yccJ",wrbA-yccJ,NA,1
wrbA,20,F10,-1,"wrbA,yccJ",NA,"wrbA,yccJ",wrbA-yccJ,NA,1
wrbA,4,F10,-1,"wrbA,yccJ",NA,"wrbA,yccJ",wrbA-yccJ,NA,1
wrbA,9,F10,-1,"wrbA,yccJ",NA,"wrbA,yccJ",wrbA-yccJ,NA,1
wrbA,17,F10,-1,"wrbA,yccJ",NA,"wrbA,yccJ",wrbA-yccJ,NA,1
wrbA,15,F10,-1,"wrbA,yccJ",NA,"wrbA,yccJ",wrbA-yccJ,NA,1
wrbA,3,F10,-1,"wrbA,yccJ",NA,"wrbA,yccJ",wrbA-yccJ,NA,1
wrbA,12,F10,-1,"wrbA,yccJ",NA,"wrbA,yccJ",wrbA-yccJ,NA,1
wrbA,8,F10,-1,"wrbA,yccJ",NA,"wrbA,yccJ",wrbA-yccJ,NA,1
wrbA,6,F10,-1,"wrbA,yccJ",NA,"wrbA,yccJ",wrbA-yccJ,NA,1
wrbA,19,F10,-1,"wrbA,yccJ",NA,"wrbA,yccJ",wrbA-yccJ,NA,1
xapA,6,H10,-1,"xapA,xapB",NA,"xapA,xapB",xapAB,NA,1
xasA,17,A5,-1,gadC,gadC,NA,NA,gadC,1
xseA,10,G8,1,xseA,xseA,NA,NA,NA,1
xseB,4,G3,-1,"xseB,ispA,dxs,yajO",NA,"xseB,ispA,dxs,yajO",xseB-ispA-dxs-yajO,yajO,1
xthA,12,D9,1,xthA,xthA,NA,NA,NA,1
xylB,12,B6,-1,xylB,xylB,NA,NA,NA,1
xylE,12,F7,-1,xylE,xylE,NA,NA,NA,1
xylF,16,H4,1,"xylF,xylG,xylH,xylR",NA,"xylF,xylG,xylH,xylR",xylFGHR,xylG,1
xylG,14,E6,1,xylG,xylG,NA,NA,xylG,1
yaaA,1,E2,-1,NA,NA,NA,NA,NA,1
yaaH,1,E3,-1,satP,satP,NA,NA,NA,1
yaaI,1,E4,-1,yaaI,yaaI,NA,NA,NA,1
yaaJ,2,H9,-1,yaaJ,yaaJ,NA,NA,NA,1
yaaU,16,A9,1,yaaU,yaaU,NA,NA,NA,1
yaaW,11,H11,-1,yaaW,yaaW,NA,NA,NA,1
yabI,1,A3,1,yabI,yabI,NA,NA,NA,1
yabN,16,D6,-1,"sgrR,sroA,tbpA,thiP,thiQ",NA,"sgrR,sroA,tbpA,thiP,thiQ",sgrR-sroA-tbpA-thiPQ,NA,1
yabP,1,A2,1,"yabP,yabQ",NA,"yabP,yabQ",yabPQ,NA,1
yacG,12,B3,-1,yacG,yacG,NA,NA,yacG,1
yacH,2,B11,-1,yacH,yacH,NA,NA,NA,1
yacH,1,E5,-1,yacH,yacH,NA,NA,NA,1
yacL,1,A6,1,yacL,yacL,NA,NA,NA,1
yadC,8,D4,-1,yadC,yadC,NA,NA,NA,1
yadF,14,G5,-1,can,can,NA,NA,NA,1
yadG,14,C2,1,"yadG,yadH",NA,"yadG,yadH",yadGH,NA,1
yadK,12,B1,-1,yadK,yadK,NA,NA,NA,1
yadN,8,C12,-1,yadN,yadN,NA,NA,NA,1
yadR,11,G1,1,erpA,erpA,NA,NA,NA,1
yadS,12,B5,-1,yadS,yadS,NA,NA,NA,1
yaeH,8,D1,-1,yaeH,yaeH,NA,NA,NA,1
yaeQ,8,B5,1,"yaeQ,arfB,nlpE",NA,"yaeQ,arfB,nlpE",yaeQ-arfB-nlpE,NA,1
yafC,13,A1,-1,yafC,yafC,NA,NA,NA,1
yafD,12,C9,1,"yafD,yafE",NA,"yafD,yafE",yafDE,NA,1
yafJ,8,C6,1,yafJ,yafJ,NA,NA,NA,1
yafK,12,G5,-1,yafK,yafK,NA,NA,NA,1
yafL,12,C12,1,yafL,yafL,NA,NA,NA,1
yafM,11,G8,1,rayT,rayT,NA,NA,NA,1
yafN,11,E11,1,NA,NA,NA,NA,NA,0
yafS,6,G5,1,yafS,yafS,NA,NA,NA,1
yafT,8,C5,1,yafT,yafT,NA,NA,NA,1
yafU,12,C7,-1,yafU,yafU,yafU,yafU,NA,1
yafV,12,C1,-1,yafV,yafV,NA,NA,NA,1
yafZ,21,A3,-1,yafZ,yafZ,NA,NA,yafZ,1
yagB,12,F11,-1,yagB,yagB,NA,NA,NA,1
yagE,14,A4,1,"yagE,yagF",NA,"yagE,yagF",yagEF,NA,1
yagG,8,C8,1,"yagG,yagH",NA,"yagG,yagH",yagGH,NA,1
yagI,8,D3,-1,yagI,yagI,NA,NA,NA,1
yagJ,11,H4,1,yagJ,yagJ,yagJ,yagJ,NA,1
yagK,10,B3,NA,NA,NA,NA,NA,NA,NA
yagM,12,F12,-1,"yagM,yagL",NA,"yagM,yagL",yagML,NA,1
yagT,13,G9,-1,"paoA,paoB,paoC,paoD",NA,"paoA,paoB,paoC,paoD",paoABCD,NA,1
yagU,13,D1,1,yagU,yagU,NA,NA,NA,1
yagY,12,G1,-1,"ecpB,ecpC,ecpD,ecpE",NA,"ecpB,ecpC,ecpD,ecpE",ecpBCDE,NA,1
yagZ,12,G2,-1,ecpA,ecpA,NA,NA,NA,1
yahB,7,B4,-1,yahB,yahB,NA,NA,NA,1
yahC,13,G10,-1,yahC,yahC,NA,NA,NA,1
yahD,13,D2,1,"yahD,yahE,yahF,yahG",NA,"yahD,yahE,yahF,yahG",yahDEFG,NA,1
yahI,11,F6,1,NA,NA,NA,NA,NA,3
yahK,7,D3,1,yahK,yahK,NA,NA,NA,1
yahM,11,G12,1,yahM,yahM,NA,NA,NA,1
yahN,17,D12,-1,yahN,yahN,NA,NA,NA,1
yahO,17,D4,1,yahO,yahO,NA,NA,NA,1
yaiA,12,H5,1,yaiA,yaiA,NA,NA,yaiA,1
yaiB,18,D8,1,iraP,iraP,NA,NA,NA,1
yaiE,11,F11,1,yaiE,yaiE,NA,NA,NA,1
yaiI,13,H3,1,yaiI,yaiI,NA,NA,NA,1
yaiM,7,B5,-1,frmB,frmB,NA,NA,frmB,1
yaiN,17,G9,-1,"frmR,frmA,frmB",NA,"frmR,frmA,frmB",frmRAB,frmB,1
yaiP,7,B6,-1,yaiP,yaiP,NA,NA,NA,1
yaiW,11,F2,1,yaiW,yaiW,NA,NA,yaiW,1
yaiX,13,E10,-1,"yaiX,yaiO",yaiO,"yaiX,yaiO",yaiXO,NA,1
yaiZ,13,D5,1,yaiZ,yaiZ,NA,NA,NA,1
yajB,10,E7,-1,acpH,acpH,NA,NA,NA,1
yajC,11,E9,1,yajC,yajC,NA,NA,yajC,1
yajG,19,A11,-1,"yajG,ampG",NA,"yajG,ampG",yajG-ampG,NA,1
yajO,13,G4,-1,yajO,yajO,NA,NA,yajO,1
yajR,15,H12,-1,yajR,yajR,NA,NA,NA,1
ybaA,11,G3,1,ybaA,ybaA,NA,NA,NA,1
ybaB,11,G2,1,"ybaB,recR",NA,"ybaB,recR",ybaB-recR,NA,1
ybaD,13,D6,1,"nrdR,ribD,ribE,nusB,thiL,pgpA",NA,"nrdR,ribD,ribE,nusB,thiL,pgpA",nrdR-ribDE-nusB-thiL-pgpA,"ribE,thiL",1
ybaE,15,E10,-1,ybaE,ybaE,NA,NA,NA,1
ybaK,13,G7,-1,ybaK,ybaK,NA,NA,NA,1
ybaL,14,H5,-1,ybaL,ybaL,NA,NA,NA,1
ybaN,11,H3,1,ybaN,ybaN,NA,NA,NA,1
ybaO,7,D4,1,decR,decR,NA,NA,NA,1
ybaP,13,H4,-1,ybaP,ybaP,NA,NA,NA,1
ybaQ,13,D7,1,ybaQ,ybaQ,NA,NA,NA,1
ybaT,11,E10,1,ybaT,ybaT,NA,NA,NA,1
ybaV,11,G7,1,ybaV,ybaV,NA,NA,NA,1
ybaY,8,G7,1,ybaY,ybaY,NA,NA,NA,1
ybbB,18,G12,-1,ybbB,ybbB,NA,NA,NA,1
ybbC,11,F8,1,ybbC,ybbC,NA,NA,ybbC,1
ybbL,14,B4,1,"fetA,fetB",NA,"fetA,fetB",fetAB,NA,1
ybcK,1,G7,1,ybcK,ybcK,NA,NA,NA,1
ybcL,1,G8,1,"ybcL,ybcM",NA,"ybcL,ybcM",ybcLM,NA,1
ybcV,15,B4,-1,ybcV,ybcV,NA,NA,NA,1
ybcW,3,D1,1,ybcW,ybcW,NA,NA,NA,1
ybcY,15,B12,-1,ybcY,ybcY,ybcY,ybcY,NA,1
ybdF,14,D9,-1,ybdF,ybdF,NA,NA,NA,1
ybdG,7,B7,-1,ybdG,ybdG,NA,NA,NA,1
ybdH,6,H3,-1,ybdH,ybdH,NA,NA,NA,1
ybdK,15,C2,-1,ybdK,ybdK,NA,NA,NA,1
ybdL,6,G2,1,ybdL,ybdL,NA,NA,NA,1
ybdN,14,D10,-1,ybdN,ybdN,NA,NA,NA,1
ybdR,14,A7,1,ybdR,ybdR,NA,NA,NA,1
ybeB,12,C8,-1,"rsfS,rlmH,mrdA,mrdB,rlpA",NA,"rsfS,rlmH,mrdA,mrdB,rlpA",rsfS-rlmH-mrdAB-rlpA,NA,1
ybeF,7,B8,-1,ybeF,ybeF,NA,NA,NA,1
ybeL,20,E10,1,ybeL,ybeL,NA,NA,NA,1
ybeQ,14,F11,-1,ybeQ,ybeQ,NA,NA,NA,1
ybeR,14,A8,1,"ybeR,djlB",NA,"ybeR,djlB",ybeR-djlB,NA,1
ybeT,14,F12,-1,ybeT,ybeT,NA,NA,NA,1
ybeU,14,A9,1,"ybeU,djlC",NA,"ybeU,djlC",ybeU-djlC,NA,1
ybeZ,14,C5,-1,"ybeZ,ybeY,ybeX,lnt",NA,"ybeZ,ybeY,ybeX,lnt",ybeZYX-lnt,NA,1
ybfD,12,H7,1,ybfD,ybfD,NA,NA,NA,1
ybfE,12,E8,-1,ybfE,ybfE,NA,NA,NA,1
ybfF,10,E8,-1,ybfF,ybfF,NA,NA,NA,1
ybfG,15,A6,-1,NA,NA,NA,NA,NA,1
ybgA,12,H8,1,"ybgA,phr",NA,"ybgA,phr",ybgA-phr,NA,1
ybgC,12,H11,1,"ybgC,tolQ,tolR,tolA",NA,"ybgC,tolQ,tolR,tolA",ybgC-tolQRA,tolA,1
ybgD,7,C1,-1,ybgD,ybgD,NA,NA,NA,1
ybgE,12,H10,1,NA,NA,NA,NA,NA,1
ybgH,13,A4,-1,dtpD,dtpD,NA,NA,NA,1
ybgI,12,D1,1,"ybgI,ybgJ,ybgK,ybgL,nei",NA,"ybgI,ybgJ,ybgK,ybgL,nei",ybgIJKL-nei,NA,1
ybgQ,7,B11,-1,"ybgQ,ybgP,ybgO",NA,"ybgQ,ybgP,ybgO",ybgQPO,NA,1
ybgS,1,C12,-1,ybgS,ybgS,NA,NA,NA,1
ybhA,14,G1,-1,ybhA,ybhA,NA,NA,NA,1
ybhC,7,C2,-1,ybhC,ybhC,NA,NA,NA,1
ybhD,4,H2,-1,ybhD,ybhD,NA,NA,NA,1
ybhE,14,A11,1,pgl,pgl,NA,NA,NA,1
ybhI,15,B5,1,ybhI,ybhI,NA,NA,NA,1
ybhJ,7,D10,1,ybhJ,ybhJ,NA,NA,NA,1
ybhK,7,G10,-1,ybhK,ybhK,NA,NA,NA,1
ybhL,12,H12,1,NA,NA,NA,NA,NA,0
ybhM,13,C5,1,ybhM,ybhM,NA,NA,NA,1
ybhQ,14,B1,1,ybhQ,ybhQ,NA,NA,NA,1
ybiA,13,B1,-1,ybiA,ybiA,NA,NA,NA,1
ybiF,19,B2,-1,rhtA,rhtA,NA,NA,NA,1
ybiH,6,H4,-1,"cecR,ybhG,ybhF,ybhS,ybhR",NA,"cecR,ybhG,ybhF,ybhS,ybhR",cecR-ybhGFSR,NA,1
ybiJ,15,A8,-1,ybiJ,ybiJ,NA,NA,NA,1
ybiM,14,G2,-1,mcbA,mcbA,NA,NA,NA,1
ybiN,14,B2,1,rlmF,rlmF,NA,NA,NA,1
ybiO,7,C5,-1,ybiO,ybiO,NA,NA,NA,1
ybiS,13,A5,-1,ldtB,ldtB,NA,NA,NA,1
ybiU,15,A10,-1,ybiU,ybiU,NA,NA,NA,1
ybiV,15,A11,-1,ybiV,ybiV,NA,NA,NA,1
ybjC,18,B4,1,"ybjC,nfsA,rimK,ybjN",NA,"ybjC,nfsA,rimK,ybjN",ybjC-nfsA-rimK-ybjN,ybjN,1
ybjE,7,C8,-1,lysO,lysO,NA,NA,NA,1
ybjG,21,A6,-1,ybjG,ybjG,NA,NA,NA,1
ybjH,15,B1,-1,ybjH,ybjH,NA,NA,NA,1
ybjJ,6,H5,-1,"ybjJ,ybjI",NA,"ybjJ,ybjI",ybjJI,NA,1
ybjK,6,G4,1,rcdA,rcdA,NA,NA,NA,1
ybjL,15,E7,-1,ybjL,ybjL,NA,NA,NA,1
ybjM,15,E1,1,ybjM,ybjM,NA,NA,NA,1
ybjN,7,E10,1,ybjN,ybjN,NA,NA,ybjN,1
ybjO,13,C6,1,"ybjO,rlmC",NA,"ybjO,rlmC",ybjO-rlmC,NA,1
ybjP,15,E6,-1,ybjP,ybjP,NA,NA,NA,1
ybjQ,15,D12,1,"ybjQ,amiD",NA,"ybjQ,amiD",ybjQ-amiD,NA,1
ybjS,7,C6,-1,ybjS,ybjS,NA,NA,NA,1
ycaC,16,B12,-1,ycaC,ycaC,NA,NA,NA,1
ycaD,15,G2,1,ycaD,ycaD,NA,NA,NA,1
ycaI,13,C8,1,"ycaI,msbA,lpxK,ycaQ",NA,"ycaI,msbA,lpxK,ycaQ",ycaI-msbA-lpxK-ycaQ,NA,1
ycaK,15,G3,1,ycaK,ycaK,NA,NA,NA,1
ycaL,13,C7,1,ycaL,ycaL,NA,NA,NA,1
ycaN,16,C1,-1,ycaN,ycaN,NA,NA,NA,1
ycaO,16,C2,-1,ycaO,ycaO,NA,NA,NA,1
ycaP,15,G4,1,ycaP,ycaP,NA,NA,NA,1
ycbB,7,E6,1,ldtD,ldtD,NA,NA,NA,1
ycbC,5,E11,-1,elyC,elyC,NA,NA,NA,1
ycbK,13,C9,1,"ycbK,gloC",NA,"ycbK,gloC",ycbK-gloC,NA,1
ycbR,7,E5,1,"elfD,elfC,elfG,ycbU,ycbV,ycbF",NA,"elfD,elfC,elfG,ycbU,ycbV,ycbF",elfDCG-ycbUVF,NA,1
ycbW,13,C11,1,zapC,zapC,NA,NA,NA,1
ycbZ,2,G6,-1,ycbZ,ycbZ,NA,NA,NA,1
yccA,7,C9,-1,yccA,yccA,NA,NA,NA,1
yccE,13,D12,1,yccE,yccE,NA,NA,NA,1
yccF,10,E9,-1,"yccF,yccS",NA,"yccF,yccS",yccFS,NA,1
yccM,15,B3,-1,yccM,yccM,NA,NA,NA,1
yccR,12,E6,1,sxy,sxy,NA,NA,NA,1
ycdC,15,G6,1,rutR,rutR,NA,NA,NA,1
ycdM,16,C4,-1,"rutA,rutB,rutC,rutD,rutE,rutF,rutG",NA,"rutA,rutB,rutC,rutD,rutE,rutF,rutG",rutABCDEFG,NA,1
ycdN,13,C12,1,"efeU_1,efeU_2",NA,"efeU_1,efeU_2",efeU_1U_2,NA,1
ycdO,14,D12,1,"efeO,efeB",NA,"efeO,efeB",efeOB,NA,1
ycdZ,14,E8,1,ycdZ,ycdZ,NA,NA,NA,1
yceF,16,C6,-1,yceF,yceF,NA,NA,NA,1
yceK,14,E10,1,yceK,yceK,NA,NA,NA,1
yceP,15,D5,-1,bssS,bssS,NA,NA,NA,1
ycfD,15,D8,-1,roxA,roxA,NA,NA,NA,1
ycfJ,14,E11,1,ycfJ,ycfJ,NA,NA,NA,1
ycfQ,16,C7,-1,comR,comR,NA,NA,NA,1
ycfR,15,G9,1,bhsA,bhsA,NA,NA,NA,1
ycfS,15,D7,-1,ldtC,ldtC,NA,NA,NA,1
ycfT,14,G8,-1,ycfT,ycfT,NA,NA,NA,1
ycgE,7,D1,-1,bluR,bluR,NA,NA,NA,1
ycgF,10,F6,-1,bluF,bluF,NA,NA,NA,1
ycgH,14,E12,1,ycgH_2,ycgH_2,NA,NA,NA,1
ycgI,15,G11,1,"ymgH,ycgI,ymgJ","ycgI,ymgJ","ymgH,ycgI",ymgH-ycgI,NA,1
ycgJ,12,D3,1,ycgJ,ycgJ,NA,NA,NA,1
ycgK,13,A8,-1,pliG,pliG,NA,NA,NA,1
ycgL,12,D4,1,ycgL,ycgL,ycgL,ycgL,NA,1
ycgM,7,E3,1,ycgM,ycgM,NA,NA,NA,1
ycgN,14,F1,1,ycgN,ycgN,NA,NA,NA,1
ycgR,16,C12,-1,ycgR,ycgR,NA,NA,NA,1
ycgX,15,D9,-1,ycgX,ycgX,NA,NA,NA,1
ycgY,14,F2,1,ycgY,ycgY,NA,NA,NA,1
ychF,17,E12,-1,ychF,ychF,NA,NA,ychF,1
ychH,11,H5,1,ychH,ychH,NA,NA,NA,1
ychJ,16,F11,-1,ychJ,ychJ,NA,NA,NA,1
ychM,17,A4,-1,dauA,dauA,NA,NA,NA,1
yciA,15,D11,-1,yciA,yciA,NA,NA,NA,1
yciC,16,F12,-1,"yciC,yciB",NA,"yciC,yciB",yciCB,NA,1
yciG,12,E9,-1,"yciG,yciF,yciE",NA,"yciG,yciF,yciE",yciGFE,NA,1
yciI,16,G4,-1,yciI,yciI,NA,NA,NA,1
yciK,3,E3,-1,"yciK,btuR",NA,"yciK,btuR",yciK-btuR,NA,1
yciS,14,F6,1,"lapA,lapB,pyrF,yciH",NA,"lapA,lapB,pyrF,yciH",lapAB-pyrF-yciH,NA,1
yciT,17,H6,-1,"yciZ,yciT",NA,"yciZ,yciT",yciZT,NA,1
yciW,17,F2,-1,yciW,yciW,NA,NA,NA,1
ycjG,13,E1,1,ycjG,ycjG,NA,NA,NA,1
ycjK,2,G12,-1,"puuA,puuP",NA,"puuA,puuP",puuAP,NA,1
ycjL,3,A1,1,"puuD,puuR,puuC,puuB,puuE",NA,"puuD,puuR,puuC,puuB,puuE",puuDRCBE,puuC,1
ycjM,7,E4,1,"ycjM,ycjN,ycjO,ycjP,ycjQ,ycjR,ycjS,ycjT,ycjU,ycjV,ymjB",NA,"ycjM,ycjN,ycjO,ycjP,ycjQ,ycjR,ycjS,ycjT,ycjU,ycjV,ymjB",ycjMNOPQRSTUV-ymjB,NA,1
ycjW,2,H2,-1,ycjW,ycjW,NA,NA,NA,1
ycjX,3,A2,1,"ycjX,ycjF,tyrR",NA,"ycjX,ycjF,tyrR",ycjXF-tyrR,NA,1
ycjY,16,G1,-1,"ycjY,ymjD,ymjC,mpaA",NA,"ycjY,ymjD,ymjC,mpaA",ycjY-ymjDC-mpaA,NA,1
ycjZ,16,E1,1,pgrR,pgrR,NA,NA,NA,1
ydaG,16,B6,-1,"ydaG,ydaF",NA,"ydaG,ydaF",ydaGF,NA,1
ydaO,16,B5,-1,ttcA,ttcA,NA,NA,NA,1
ydaQ,10,D11,-1,ydaQ,ydaQ,NA,NA,NA,1
ydbC,15,C6,1,ydbC,ydbC,NA,NA,NA,1
ydbD,15,C7,1,ydbD,ydbD,NA,NA,NA,1
ydbH,12,D5,1,"ydbH,ynbE,ydbL",NA,"ydbH,ynbE,ydbL",ydbH-ynbE-ydbL,NA,1
ydcA,15,C12,1,ydcA,ydcA,NA,NA,NA,1
ydcF,15,C8,1,ydcF,ydcF,NA,NA,NA,1
ydcG,17,H10,1,opgD,opgD,NA,NA,NA,1
ydcI,16,F9,-1,ydcI,ydcI,NA,NA,NA,1
ydcJ,16,D10,1,ydcJ,ydcJ,NA,NA,NA,1
ydcK,13,H6,-1,ydcK,ydcK,NA,NA,NA,1
ydcL,15,C11,1,ydcL,ydcL,NA,NA,NA,1
ydcM,17,H11,1,insQ,insQ,NA,NA,NA,1
ydcR,17,H7,1,ydcR,ydcR,NA,NA,NA,1
ydcS,15,B8,1,"ydcS,ydcT,ydcU,ydcV,patD",NA,"ydcS,ydcT,ydcU,ydcV,patD",ydcSTUV-patD,NA,1
ydcX,15,D1,1,ydcX,ydcX,NA,NA,NA,1
yddA,14,C9,-1,"yddA,yddB",NA,"yddA,yddB",yddAB,NA,1
yddE,16,B9,-1,yddE,yddE,NA,NA,NA,1
yddH,13,A10,-1,yddH,yddH,NA,NA,NA,1
yddL,17,F6,-1,"yddL,yddK,yddJ",NA,"yddL,yddK,yddJ",yddLKJ,NA,1
yddM,16,B10,-1,yddM,yddM,NA,NA,NA,1
yddW,16,E11,-1,yddW,yddW,NA,NA,NA,1
ydeA,14,E3,1,ydeA,ydeA,NA,NA,NA,1
ydeI,13,A11,-1,ydeI,ydeI,NA,NA,NA,1
ydeJ,12,D7,1,ydeJ,ydeJ,NA,NA,NA,1
ydeO,12,B8,-1,ydeO,ydeO,NA,NA,NA,1
ydeP,12,C5,-1,ydeP,ydeP,NA,NA,NA,1
ydeQ,17,F7,-1,ydeQ,ydeQ,NA,NA,NA,1
ydeV,17,F8,-1,lsrK,lsrK,NA,NA,lsrK,1
ydfA,11,B3,1,"ydfA,ydfB,ydfC",NA,"ydfA,ydfB,ydfC",ydfABC,NA,1
ydfE,15,F2,1,ydfE,ydfE,NA,NA,NA,1
ydfH,6,F2,1,ydfH,ydfH,NA,NA,NA,1
ydfI,17,F11,-1,ydfI,ydfI,NA,NA,NA,1
ydfO,5,G10,1,"ynfO,ydfO",NA,"ynfO,ydfO",ynfO-ydfO,NA,1
ydfV,20,B12,1,ydfV,ydfV,NA,NA,NA,1
ydfZ,15,D4,1,ydfZ,ydfZ,NA,NA,NA,1
ydgA,15,F5,1,ydgA,ydgA,NA,NA,NA,1
ydgC,11,D2,-1,ydgC,ydgC,NA,NA,NA,1
ydgD,15,F4,1,"ydgD,ydgU","ydgD,ydgU",NA,NA,NA,1
ydgH,6,G7,1,ydgH,ydgH,NA,NA,NA,1
ydgI,6,E7,1,"ydgI,folM",NA,"ydgI,folM",ydgI-folM,NA,1
ydgK,15,F6,1,"ydgK,rsxA,rsxB,rsxC,rsxD,rsxG,rsxE,nth",NA,"ydgK,rsxA,rsxB,rsxC,rsxD,rsxG,rsxE,nth",ydgK-rsxABCDGE-nth,rsxA,1
ydgL,12,G10,1,rsxA,rsxA,NA,NA,rsxA,1
ydgR,15,F7,1,dtpA,dtpA,NA,NA,NA,1
ydhB,16,D3,-1,ydhB,ydhB,NA,NA,NA,1
ydhD,11,D4,-1,grxD,grxD,NA,NA,NA,1
ydhH,11,D3,-1,anmK,anmK,NA,NA,NA,1
ydhO,4,H6,1,mepH,mepH,NA,NA,NA,1
ydhP,16,C9,-1,"ydhP,ynhF","ydhP,ynhF",NA,NA,NA,1
ydhQ,8,F6,-1,ydhQ,ydhQ,NA,NA,NA,1
ydhR,15,F8,1,ydhR,ydhR,NA,NA,NA,1
ydhS,15,F9,1,ydhS,ydhS,NA,NA,NA,1
ydhZ,2,C2,-1,ydhZ,ydhZ,NA,NA,NA,1
ydiF,6,E9,1,"ydiF,ydiO",NA,"ydiF,ydiO",ydiFO,NA,1
ydiL,15,F11,1,"rprA,ydiL","rprA,ydiL",NA,NA,NA,1
ydiM,6,E8,1,ydiM,ydiM,NA,NA,NA,1
ydiP,2,H5,-1,ydiP,ydiP,NA,NA,NA,1
ydiQ,3,A5,1,"ydiQ,ydiR,ydiS,ydiT,fadK",NA,"ydiQ,ydiR,ydiS,ydiT,fadK",ydiQRST-fadK,ydiS,1
ydiS,6,E10,1,ydiS,ydiS,NA,NA,ydiS,1
ydiU,17,A11,-1,ydiU,ydiU,NA,NA,NA,1
ydiV,17,B1,-1,ydiV,ydiV,NA,NA,NA,1
ydiY,2,B6,-1,ydiY,ydiY,NA,NA,NA,1
ydjA,13,B3,-1,"ydjA,selD,topB",NA,"ydjA,selD,topB",ydjA-selD-topB,selD,1
ydjE,16,A4,-1,NA,NA,NA,NA,NA,1
ydjF,17,G3,-1,ydjF,ydjF,NA,NA,NA,1
ydjL,17,G4,-1,"ydjL,ydjK,ydjJ,ydjI,ydjH,ydjG",NA,"ydjL,ydjK,ydjJ,ydjI,ydjH,ydjG",ydjLKJIHG,NA,1
ydjN,6,E5,1,tcyP,tcyP,NA,NA,NA,1
ydjX,16,E10,1,"ydjX,ydjY,ydjZ,ynjA,ynjB,ynjC,ynjD",NA,"ydjX,ydjY,ydjZ,ynjA,ynjB,ynjC,ynjD",ydjXYZ-ynjABCD,NA,1
yeaE,17,B2,-1,yeaE,yeaE,NA,NA,NA,1
yeaH,20,H11,1,yeaH,yeaH,NA,NA,NA,1
yeaL,10,F9,1,yeaL,yeaL,NA,NA,NA,1
yeaM,2,H6,-1,nimR,nimR,NA,NA,NA,1
yeaP,10,F11,1,dgcP,dgcP,NA,NA,NA,1
yeaS,11,B5,-1,leuE,leuE,NA,NA,NA,1
yeaT,2,H7,-1,dmlR,dmlR,NA,NA,NA,1
yeaU,3,A6,1,dmlA,dmlA,NA,NA,NA,1
yeaV,15,B9,1,"yeaV,yeaW",NA,"yeaV,yeaW",yeaVW,NA,1
yeaX,5,A3,1,yeaX,yeaX,NA,NA,NA,1
yeaZ,11,B6,-1,"tsaB,yeaY",NA,"tsaB,yeaY",tsaB-yeaY,NA,1
yebA,16,D7,-1,mepM,mepM,NA,NA,NA,1
yebB,20,A9,1,yebB,yebB,NA,NA,NA,1
yebE,11,B9,-1,yebE,yebE,NA,NA,NA,1
yebF,21,A8,-1,yebF,yebF,NA,NA,NA,1
yebF,5,G11,-1,yebF,yebF,NA,NA,NA,1
yebG,13,B4,-1,yebG,yebG,NA,NA,NA,1
yebO,11,B8,-1,yebO,yebO,NA,NA,NA,1
yebQ,15,H5,1,yebQ,yebQ,NA,NA,NA,1
yebR,4,F11,-1,msrC,msrC,NA,NA,NA,1
yebS,10,G1,1,"yebS,yebT",NA,"yebS,yebT",yebST,NA,1
yebU,5,A4,1,rsmF,rsmF,NA,NA,NA,1
yecF,20,G10,1,yecF,yecF,NA,NA,NA,1
yecH,17,D11,-1,yecH,yecH,NA,NA,NA,1
yecM,10,E10,-1,"yecM,cutC",NA,"yecM,cutC",yecM-cutC,NA,1
yedP,18,D11,1,yedP,yedP,NA,NA,NA,1
yedQ,4,E11,-1,dgcQ,dgcQ,NA,NA,NA,1
yedW,2,H8,-1,"yedW,yedV",NA,"yedW,yedV",yedWV,NA,1
yedX,3,A7,1,yedX,yedX,NA,NA,NA,1
yedY,5,A6,1,"msrP,msrQ",NA,"msrP,msrQ",msrPQ,NA,1
yeeA,4,F1,-1,yeeA,yeeA,NA,NA,NA,1
yeeE,17,G11,-1,"yeeE,yeeD",NA,"yeeE,yeeD",yeeED,NA,1
yeeI,8,A9,1,mtfA,mtfA,NA,NA,NA,1
yeeJ,5,B7,1,asnT,asnT,NA,NA,NA,1
yeeO,8,F8,-1,yeeO,yeeO,NA,NA,NA,1
yeeR,17,B6,1,"yeeR,yeeS,yeeT,cbeA,cbtA,yeeW",NA,"yeeR,yeeS,yeeT,cbeA,cbtA,yeeW",yeeRST-cbeA-cbtA-yeeW,"cbeA,cbtA",1
yeeU,5,B8,1,cbeA,cbeA,NA,NA,cbeA,1
yeeV,17,B7,1,cbtA,cbtA,NA,NA,cbtA,1
yeeX,17,G10,-1,yeeX,yeeX,NA,NA,NA,1
yegE,6,G8,1,dgcE,dgcE,NA,NA,NA,1
yegP,17,B8,1,yegP,yegP,NA,NA,NA,1
yegT,1,H12,1,"yegT,yegU,yegV",NA,"yegT,yegU,yegV",yegTUV,NA,1
yegW,17,H2,-1,yegW,yegW,NA,NA,NA,1
yehD,17,H3,-1,"yehD,yehC,yehB,yehA",NA,"yehD,yehC,yehB,yehA",yehDCBA,NA,1
yehS,12,B10,-1,yehS,yehS,NA,NA,NA,1
yehZ,17,H4,-1,"osmF,yehY,yehX,yehW",NA,"osmF,yehY,yehX,yehW",osmF-yehYXW,NA,1
yeiC,17,H5,-1,"psuK,psuG",NA,"psuK,psuG",psuKG,NA,1
yeiE,10,E2,-1,yeiE,yeiE,NA,NA,NA,1
yeiG,7,G4,1,yeiG,yeiG,NA,NA,NA,1
yeiM,14,H10,-1,psuT,psuT,NA,NA,NA,1
yeiP,5,B10,1,yeiP,yeiP,NA,NA,NA,1
yeiT,5,B9,1,"preT,preA",NA,"preT,preA",preTA,NA,1
yejA,15,B10,1,"yejA,yejB,yejE,yejF",NA,"yejA,yejB,yejE,yejF",yejABEF,NA,1
yejG,4,F2,-1,yejG,yejG,NA,NA,NA,1
yejH,8,A11,1,radD,radD,NA,NA,NA,1
yejK,10,E12,-1,yejK,yejK,NA,NA,NA,1
yejL,10,A5,1,"yejL,yejM",NA,"yejL,yejM",yejLM,NA,1
yejO,10,E3,-1,yejO,yejO,NA,NA,NA,1
yfaD,17,B9,1,"yfaD,ypaA",NA,"yfaD,ypaA",yfaD-ypaA,NA,1
yfaL,18,C4,-1,yfaL,yfaL,NA,NA,NA,1
yfaY,10,H4,-1,yfaY,yfaY,NA,NA,NA,1
yfbE,11,H6,1,"arnB,arnC,arnA,arnD,arnT,arnE,arnF",arnB,"arnB,arnC,arnA,arnD,arnT,arnE,arnF",arnBCADTEF,arnE,1
yfbJ,5,C2,1,arnE,arnE,NA,NA,arnE,1
yfbM,21,A2,1,yfbM,yfbM,NA,NA,NA,1
yfbR,5,C5,1,yfbR,yfbR,NA,NA,NA,1
yfbS,6,B9,-1,yfbS,yfbS,NA,NA,NA,1
yfbU,10,H6,-1,"yfbU,yfbT",NA,"yfbU,yfbT",yfbUT,NA,1
yfbV,4,B5,-1,yfbV,yfbV,NA,NA,NA,1
yfcC,5,C6,1,yfcC,yfcC,NA,NA,NA,1
yfcD,10,H7,-1,yfcD,yfcD,NA,NA,NA,1
yfcE,10,H8,-1,yfcE,yfcE,NA,NA,NA,1
yfcG,9,F12,1,yfcG,yfcG,NA,NA,NA,1
yfcI,10,H9,-1,yfcI,yfcI,NA,NA,NA,1
yfcJ,16,A5,-1,yfcJ,yfcJ,NA,NA,NA,1
yfcU,6,B12,-1,"yfcU,yfcT,yfcS,yfcR,yfcQ,yfcP,yfcO",NA,"yfcU,yfcT,yfcS,yfcR,yfcQ,yfcP,yfcO",yfcUTSRQPO,NA,1
yfcV,6,C1,-1,yfcV,yfcV,NA,NA,NA,1
yfdC,8,G9,1,yfdC,yfdC,NA,NA,NA,1
yfdG,17,B10,1,"yfdG,yfdH,yfdI",NA,"yfdG,yfdH,yfdI",yfdGHI,NA,1
yfdL,6,C4,-1,NA,NA,NA,NA,NA,1
yfdQ,17,B11,1,yfdQ,yfdQ,NA,NA,NA,1
yfdU,6,C6,-1,NA,NA,NA,NA,NA,1
yfdV,6,C5,-1,yfdV,yfdV,NA,NA,NA,1
yfdZ,3,E4,-1,alaC,alaC,NA,NA,NA,1
yfeA,10,H11,-1,NA,NA,NA,NA,NA,2
yfeC,8,B1,1,NA,NA,NA,NA,NA,2
yfeK,18,B6,1,"yfeK,yfeS",NA,"yfeK,yfeS",yfeKS,NA,1
yfeN,6,G9,1,yfeN,yfeN,NA,NA,NA,1
yfeY,10,C12,-1,"yfeY,yfeX",NA,"yfeY,yfeX",yfeYX,NA,1
yffH,10,D3,-1,nudK,nudK,NA,NA,NA,1
yffS,17,B12,1,yffS,yffS,NA,NA,NA,1
yfgA,6,C12,-1,rodZ,rodZ,NA,NA,NA,1
yfgB,10,D7,-1,rlmN,rlmN,NA,NA,NA,1
yfgH,17,C1,1,"yfgH,yfgI",NA,"yfgH,yfgI",yfgHI,NA,1
yfhB,14,G11,-1,"pgpC,tadA",NA,"pgpC,tadA",pgpC-tadA,NA,1
yfhG,6,D3,-1,yfhG,yfhG,NA,NA,NA,1
yfhH,14,B10,1,yfhH,yfhH,NA,NA,NA,1
yfhK,6,D4,-1,"glmY,glrK","glmY,glrK",NA,NA,NA,1
yfhL,17,C4,1,yfhL,yfhL,NA,NA,NA,1
yfhM,19,C11,-1,"yfhM,pbpC",NA,"yfhM,pbpC",yfhM-pbpC,NA,1
yfhR,17,C2,1,yfhR,yfhR,NA,NA,NA,1
yfiC,8,F12,-1,yfiC,yfiC,NA,NA,NA,1
yfiE,13,B5,-1,yfiE,yfiE,NA,NA,NA,1
yfiF,8,G1,-1,yfiF,yfiF,NA,NA,NA,1
yfjG,19,D1,-1,"ratA,ratB",NA,"ratA,ratB",ratAB,NA,1
yfjI,17,C6,1,yfjI,yfjI,NA,NA,NA,1
yfjL,10,D10,-1,"abpA,abpB",NA,"abpA,abpB",abpAB,NA,1
yfjM,11,E4,-1,yfjM,yfjM,NA,NA,NA,1
yfjN,11,A1,1,"rnlA,rnlB",NA,"rnlA,rnlB",rnlAB,NA,1
yfjP,5,D1,1,"yfjP,yfjQ",NA,"yfjP,yfjQ",yfjPQ,NA,1
yfjR,5,D2,1,"yfjR,ypjK,yfjS,yfjT",NA,"yfjR,ypjK,yfjS,yfjT",yfjR-ypjK-yfjST,NA,1
yfjW,19,D11,1,yfjW,yfjW,NA,NA,NA,1
ygaD,10,A10,1,NA,NA,NA,NA,NA,1
ygaQ,19,E1,1,ygaQ,ygaQ,NA,NA,NA,1
ygaV,19,E2,1,"ygaV,ygaP",NA,"ygaV,ygaP",ygaVP,NA,1
ygaZ,11,A8,1,"ygaZ,ygaH",NA,"ygaZ,ygaH",ygaZH,NA,1
ygbA,13,B6,-1,ygbA,ygbA,NA,NA,NA,1
ygbI,4,A10,-1,ygbI,ygbI,NA,NA,NA,1
ygbJ,3,E11,1,"ygbJ,ygbK",NA,"ygbJ,ygbK",ygbJK,NA,1
ygbN,16,A10,1,ygbN,ygbN,NA,NA,NA,1
ygcB,10,A11,-1,cas3,cas3,NA,NA,NA,1
ygcF,19,D5,-1,queE,queE,NA,NA,NA,1
ygcU,6,D9,-1,NA,NA,NA,NA,NA,1
ygcW,19,D4,-1,ygcW,ygcW,NA,NA,NA,1
ygdI,19,D6,-1,ygdI,ygdI,NA,NA,NA,1
ygdL,6,D10,-1,tcdA,tcdA,NA,NA,NA,1
ygdQ,5,D4,1,ygdQ,ygdQ,NA,NA,NA,1
ygdR,11,A9,1,ygdR,ygdR,NA,NA,NA,1
ygeA,13,F1,-1,ygeA,ygeA,NA,NA,ygeA,1
ygeF,19,E5,1,ygeF,ygeF,NA,NA,NA,1
ygeG,11,A11,1,ygeG,ygeG,NA,NA,NA,1
ygeH,5,D6,NA,NA,NA,NA,NA,NA,NA
ygeI,11,B1,1,ygeI,ygeI,NA,NA,NA,1
ygeQ,10,B2,-1,ygeQ,ygeQ,NA,NA,NA,1
ygeR,14,G6,-1,ygeR,ygeR,NA,NA,NA,1
ygeX,8,C9,1,ygeX,ygeX,NA,NA,NA,1
ygeY,5,D7,1,ygeY,ygeY,NA,NA,NA,1
ygfF,6,D12,-1,ygfF,ygfF,NA,NA,NA,1
ygfI,6,E1,-1,NA,NA,NA,NA,NA,0
ygfU,16,H2,1,uacT,uacT,NA,NA,NA,1
yggD,12,B7,-1,yggD,yggD,NA,NA,NA,1
yggE,6,E2,-1,yggE,yggE,NA,NA,NA,1
yggG,1,H9,1,NA,NA,NA,NA,NA,0
yggH,13,B8,-1,"trmI,yggL",NA,"trmI,yggL",trmI-yggL,NA,1
yggM,6,E4,-1,yggM,yggM,NA,NA,NA,1
yghU,6,G11,1,NA,NA,NA,NA,NA,0
ygiD,9,D11,-1,ygiD,ygiD,ygiD,ygiD,NA,1
ygiF,9,D12,-1,"ygiF,glnE",NA,"ygiF,glnE",ygiF-glnE,NA,1
ygiH,5,E2,1,ygiH,ygiH,NA,NA,NA,1
ygiL,5,D8,1,ygiL,ygiL,NA,NA,NA,1
ygiP,4,B7,-1,ttdR,ttdR,NA,NA,NA,1
ygiR,4,F5,-1,ygiQ,ygiQ,NA,NA,NA,1
ygiS,12,F2,-1,ygiS,ygiS,NA,NA,NA,1
ygiU,9,G9,-1,"mqsR,mqsA",NA,"mqsR,mqsA",mqsRA,NA,1
ygiW,9,D9,-1,ygiW,ygiW,NA,NA,NA,1
ygiZ,9,D10,-1,ygiZ,ygiZ,NA,NA,NA,1
ygjD,20,A2,-1,tsaD,tsaD,NA,NA,NA,1
ygjG,1,B10,1,patA,patA,NA,NA,NA,1
ygjH,2,G9,-1,ygjH,ygjH,NA,NA,NA,1
ygjI,17,B4,1,ygjI,ygjI,NA,NA,NA,1
ygjJ,9,C9,1,"ygjJ,ygjK",NA,"ygjJ,ygjK",ygjJK,NA,1
ygjN,9,B6,-1,"higB,higA",NA,"higB,higA",higBA,NA,1
ygjO,5,H12,-1,rlmG,rlmG,NA,NA,NA,1
ygjQ,9,C11,1,ygjQ,ygjQ,NA,NA,NA,1
ygjR,9,C12,1,ygjR,ygjR,NA,NA,NA,1
ygjV,9,B7,-1,ygjV,ygjV,NA,NA,NA,1
yhaH,2,F5,1,yhaH,yhaH,NA,NA,NA,1
yhaJ,8,E6,-1,yhaJ,yhaJ,NA,NA,NA,1
yhaK,7,H8,1,"yhaK,yhaL",NA,"yhaK,yhaL",yhaKL,NA,1
yhaM,9,B8,-1,NA,NA,NA,NA,NA,0
yhbC,9,B9,-1,rimP,rimP,NA,NA,NA,1
yhbE,9,C1,-1,yhbE,yhbE,NA,NA,NA,1
yhbO,7,H12,1,yhbO,yhbO,NA,NA,NA,1
yhbP,8,E11,-1,yhbP,yhbP,NA,NA,NA,1
yhbQ,8,A1,1,yhbQ,yhbQ,NA,NA,NA,1
yhbT,8,E12,-1,"yhbT,yhbS",NA,"yhbT,yhbS",yhbTS,NA,1
yhbU,8,A2,1,"yhbU,yhbV",NA,"yhbU,yhbV",yhbUV,NA,1
yhbW,3,C1,1,yhbW,yhbW,NA,NA,NA,1
yhbX,9,B12,-1,yhbX,yhbX,NA,NA,NA,1
yhcA,3,C9,1,"yhcA,yhcD,ychE_1",NA,"yhcA,yhcD,ychE_1",yhcAD-ychE_1,NA,1
yhcB,7,H10,1,yhcB,yhcB,NA,NA,NA,1
yhcF,6,A4,1,"ychE_2,yhcF",yhcF,"ychE_2,yhcF",ychE_2-yhcF,NA,1
yhcG,3,C11,1,yhcG,yhcG,NA,NA,NA,1
yhcM,8,E8,-1,zapE,zapE,NA,NA,NA,1
yhcO,9,C2,-1,yhcO,yhcO,NA,NA,NA,1
yhdA,8,E7,-1,csrD,csrD,NA,NA,NA,1
yhdH,7,H9,1,yhdH,yhdH,NA,NA,NA,1
yhdJ,18,A1,1,yhdJ,yhdJ,NA,NA,NA,1
yhdN,9,C5,-1,"yhdN,zntR",NA,"yhdN,zntR",yhdN-zntR,NA,1
yhdX,14,E4,1,yhdX,yhdX,NA,NA,NA,1
yhdY,14,E5,1,yhdY,yhdY,NA,NA,NA,1
yheO,9,C7,-1,"yheO,tusD,tusC,tusB",NA,"yheO,tusD,tusC,tusB",yheO-tusDCB,NA,1
yheS,14,B12,1,"yheS,yheT,yheU",NA,"yheS,yheT,yheU",yheSTU,NA,1
yhfA,2,B9,-1,yhfA,yhfA,NA,NA,NA,1
yhfG,9,C8,-1,"yhfG,fic,pabA",NA,"yhfG,fic,pabA",yhfG-fic-pabA,NA,1
yhfK,3,C4,1,yhfK,yhfK,NA,NA,NA,1
yhfL,3,C5,1,yhfL,yhfL,NA,NA,NA,1
yhfP,3,C6,1,NA,NA,NA,NA,NA,1
yhfX,4,D4,-1,"yhfX,yhfW,php,yhfU,yhfT,yhfS",NA,"yhfX,yhfW,php,yhfU,yhfT,yhfS",yhfXW-php-yhfUTS,NA,1
yhfZ,4,D5,-1,"yhfZ,yhfY",NA,"yhfZ,yhfY",yhfZY,NA,1
yhgA,3,C7,1,yhgA,yhgA,NA,NA,NA,1
yhgE,11,H10,-1,yhgE,yhgE,NA,NA,NA,1
yhgF,4,E4,1,yhgF,yhgF,NA,NA,NA,1
yhgN,18,B10,1,yhgN,yhgN,NA,NA,NA,1
yhhF,4,H10,1,"rsmD,yhhL",NA,"rsmD,yhhL",rsmD-yhhL,NA,1
yhhM,4,A7,-1,yhhM,yhhM,NA,NA,NA,1
yhhN,3,E8,1,yhhN,yhhN,NA,NA,NA,1
yhhQ,3,E9,1,yhhQ,yhhQ,NA,NA,NA,1
yhhT,16,E5,1,yhhT,yhhT,NA,NA,NA,1
yhhW,4,D7,-1,yhhW,yhhW,NA,NA,NA,1
yhhY,3,E7,1,yhhY,yhhY,NA,NA,NA,1
yhhZ,3,G10,1,"yhhZ,yrhA,insA-6,insAB-6,insB-6",NA,"yhhZ,yrhA,insA-6,insAB-6,insB-6",yhhZ-yrhA-insA-6AB-6B-6,NA,1
yhiD,4,C9,-1,yhiD,yhiD,NA,NA,yhiD,1
yhiI,5,A1,-1,"yhiI,rbbA,yhhJ",NA,"yhiI,rbbA,yhhJ",yhiI-rbbA-yhhJ,NA,1
yhiJ,5,A2,-1,yhiJ,yhiJ,NA,NA,NA,1
yhiL,19,A1,NA,NA,NA,NA,NA,NA,NA
yhiP,3,G11,1,dtpB,dtpB,NA,NA,NA,1
yhiR,10,G9,1,rlmJ,rlmJ,NA,NA,NA,1
yhjB,19,A3,-1,yhjB,yhjB,NA,NA,NA,1
yhjC,18,C12,1,yhjC,yhjC,NA,NA,NA,1
yhjG,2,D12,-1,yhjG,yhjG,NA,NA,NA,1
yhjJ,2,E1,-1,yhjJ,yhjJ,NA,NA,NA,1
yhjK,2,E2,-1,pdeK,pdeK,NA,NA,NA,1
yhjR,19,A4,-1,yhjR,yhjR,NA,NA,NA,1
yhjX,13,F4,-1,yhjX,yhjX,NA,NA,NA,1
yhjY,9,H8,-1,yhjY,yhjY,NA,NA,NA,1
yiaD,7,G6,1,yiaD,yiaD,NA,NA,NA,1
yiaF,19,A5,-1,yiaF,yiaF,NA,NA,NA,1
yiaG,18,D2,1,yiaG,yiaG,NA,NA,NA,1
yiaJ,19,A6,-1,yiaJ,yiaJ,NA,NA,NA,1
yiaT,19,A7,-1,yiaT,yiaT,NA,NA,NA,1
yiaU,18,D3,1,yiaU,yiaU,NA,NA,NA,1
yiaW,2,E5,-1,"yiaW,yiaV",NA,"yiaW,yiaV",yiaWV,NA,1
yibF,18,B1,-1,yibF,yibF,NA,NA,NA,1
yibK,8,B8,1,trmL,trmL,NA,NA,NA,1
yibL,5,H4,1,yibL,yibL,NA,NA,NA,1
yicC,10,G11,1,yicC,yicC,NA,NA,NA,1
yicH,5,H5,1,yicH,yicH,NA,NA,NA,1
yidC,18,E12,1,NA,NA,NA,NA,NA,1
yidE,2,E6,-1,yidE,yidE,NA,NA,NA,1
yidH,19,A10,-1,"yidH,yidG,yidF",NA,"yidH,yidG,yidF",yidHGF,NA,1
yidI,18,D7,1,yidI,yidI,NA,NA,NA,1
yidK,19,A8,-1,"yidK,yidJ",NA,"yidK,yidJ",yidKJ,NA,1
yidL,18,D5,1,yidL,yidL,NA,NA,NA,1
yidR,19,A9,-1,yidR,yidR,NA,NA,NA,1
yidS,18,D6,1,cbrA,cbrA,NA,NA,NA,1
yidX,19,G10,1,yidX,yidX,NA,NA,NA,1
yieE,5,H6,1,"yieE,yieF",NA,"yieE,yieF",yieEF,NA,1
yieG,19,H8,-1,adeP,adeP,NA,NA,NA,1
yieH,19,G11,1,yieH,yieH,NA,NA,NA,1
yifB,1,D6,-1,yifB,yifB,NA,NA,NA,1
yifE,8,H5,1,yifE,yifE,NA,NA,NA,1
yifM_2,5,B1,1,wzyE,wzyE,NA,NA,wzyE,1
yigI,7,A1,-1,yigI,yigI,NA,NA,NA,1
yihD,7,G7,1,yihD,yihD,NA,NA,NA,1
yihL,5,H7,1,"yihL,yihM",NA,"yihL,yihM",yihLM,NA,1
yihN,12,B11,1,yihN,yihN,NA,NA,NA,1
yihR,2,E7,-1,yihR,yihR,NA,NA,NA,1
yihU,19,H9,-1,"yihU,yihT,yihS",NA,"yihU,yihT,yihS",yihUTS,NA,1
yihX,5,H8,1,"yihX,yihY,dtd,yiiD",NA,"yihX,yihY,dtd,yiiD",yihXY-dtd-yiiD,NA,1
yiiF,5,C11,1,yiiF,yiiF,NA,NA,NA,1
yiiP,15,C1,1,fieF,fieF,NA,NA,NA,1
yiiQ,19,H10,-1,yiiQ,yiiQ,NA,NA,NA,1
yiiR,19,H2,1,yiiR,yiiR,NA,NA,NA,1
yiiU,20,F5,1,zapB,zapB,NA,NA,NA,1
yijF,2,E9,-1,yijF,yijF,NA,NA,NA,1
yijO,2,E10,-1,yijO,yijO,NA,NA,NA,1
yjaB,1,D11,-1,yjaB,yjaB,NA,NA,NA,1
yjaH,11,E12,1,yjaH,yjaH,NA,NA,NA,1
yjbB,18,F4,1,yjbB,yjbB,NA,NA,NA,1
yjbE,18,F5,1,"yjbE,yjbF,yjbG,yjbH",NA,"yjbE,yjbF,yjbG,yjbH",yjbEFGH,NA,1
yjbF,18,F6,1,NA,NA,NA,NA,NA,0
yjbI,18,F9,1,yjbI,yjbI,yjbI,yjbI,NA,1
yjbJ,18,F8,1,yjbJ,yjbJ,NA,NA,NA,1
yjbQ,18,F12,1,"yjbQ,yjbR",NA,"yjbQ,yjbR",yjbQR,NA,1
yjcD,18,G1,1,ghxP,ghxP,NA,NA,NA,1
yjcE,15,C4,1,yjcE,yjcE,NA,NA,NA,1
yjcH,3,B5,-1,yjcH,yjcH,NA,NA,NA,1
yjcO,3,B6,-1,yjcO,yjcO,NA,NA,NA,1
yjdB,3,B10,-1,eptA,eptA,NA,NA,NA,1
yjdF,3,B12,-1,yjdF,yjdF,NA,NA,NA,1
yjdI,3,G1,1,"yjdI,yjdJ",NA,"yjdI,yjdJ",yjdIJ,NA,1
yjdK,18,G2,1,"ghoS,ghoT",NA,"ghoS,ghoT",ghoST,NA,1
yjeB,18,G6,1,"nsrR,rnr,rlmB,yjfI,yjfJ",NA,"nsrR,rnr,rlmB,yjfI,yjfJ",nsrR-rnr-rlmB-yjfIJ,"rlmB,yjfI",1
yjeI,18,G3,1,yjeI,yjeI,NA,NA,NA,1
yjeK,9,F5,-1,epmB,epmB,NA,NA,NA,1
yjeN,18,G4,1,"yjeN,yjeO",NA,"yjeN,yjeO",yjeNO,NA,1
yjfI,18,G7,1,yjfI,yjfI,NA,NA,yjfI,1
yjfK,18,G8,1,"yjfK,yjfL,yjfM,yjfC",NA,"yjfK,yjfL,yjfM,yjfC",yjfKLMC,NA,1
yjfQ,3,H2,-1,ulaR,ulaR,NA,NA,NA,1
yjfY,20,A3,-1,yjfY,yjfY,NA,NA,NA,1
yjgA,9,F8,-1,NA,NA,NA,NA,NA,1
yjgH,3,H6,-1,yjgH,yjgH,NA,NA,NA,1
yjgJ,18,G10,1,NA,NA,NA,NA,NA,1
yjgR,3,H7,-1,yjgR,yjgR,NA,NA,NA,1
yjhF,16,A7,-1,NA,NA,NA,NA,NA,1
yjhI,5,G3,-1,"yjhI,yjhH,yjhG",NA,"yjhI,yjhH,yjhG",yjhIHG,NA,1
yjhS,5,G5,-1,nanS,nanS,NA,NA,NA,1
yjhU,3,H8,-1,yjhU,yjhU,NA,NA,NA,1
yjiA,19,E7,-1,yjiA,yjiA,NA,NA,yjiA,1
yjiH,5,F6,-1,"yjiH,yjiG,iadA",NA,"yjiH,yjiG,iadA",yjiHG-iadA,NA,1
yjiJ,19,E9,-1,yjiJ,yjiJ,NA,NA,NA,1
yjiM,19,E6,-1,"yjiM,yjiL",NA,"yjiM,yjiL",yjiML,NA,1
yjiT,3,A9,1,yjiT,yjiT,NA,NA,NA,1
yjiW,12,F8,-1,symE,symE,NA,NA,NA,1
yjiX,19,E8,-1,"yjiX,yjiA",NA,"yjiX,yjiA",yjiXA,yjiA,1
yjiY,12,A6,-1,yjiY,yjiY,NA,NA,NA,1
yjjI,5,F7,-1,yjjI,yjjI,NA,NA,NA,1
yjjJ,11,D5,1,yjjJ,yjjJ,NA,NA,NA,1
yjjK,14,H3,-1,ettA,ettA,NA,NA,NA,1
yjjL,19,E10,-1,lgoT,lgoT,NA,NA,NA,1
yjjU,3,C2,1,"yjjU,yjjV,ytjA",ytjA,"yjjU,yjjV",yjjUV,yjjV,1
yjjV,11,C6,1,yjjV,yjjV,NA,NA,yjjV,1
yjjY,20,B10,1,yjjY,yjjY,NA,NA,NA,1
ykfA,8,D2,-1,"ykfA,yafZ",NA,"ykfA,yafZ",ykfA-yafZ,yafZ,1
ykfG,2,H12,-1,ykfG,ykfG,NA,NA,NA,1
ykfI,1,H8,-1,ykfI,ykfI,NA,NA,NA,1
ykfJ,11,G11,1,"ykfJ,prfH",ykfJ,"ykfJ,prfH",ykfJ-prfH,NA,1
ykgC,5,E9,-1,"rclA,rclB,rclC",NA,"rclA,rclB,rclC",rclABC,rclB,1
ykgD,5,D10,1,rclR,rclR,NA,NA,NA,1
ykgE,7,D2,1,"ykgE,ykgF,ykgG",NA,"ykgE,ykgF,ykgG",ykgEFG,ykgF,1
ykgF,11,E8,1,ykgF,ykgF,NA,NA,ykgF,1
ykgH,12,F9,-1,ykgH,ykgH,NA,NA,NA,1
ykgI,12,G3,-1,rclB,rclB,NA,NA,rclB,1
ykgJ,6,A6,-1,ykgJ,ykgJ,NA,NA,NA,1
ykgM,5,E8,NA,NA,NA,NA,NA,NA,NA
ykiA,11,G10,1,ykiA,ykiA,NA,NA,NA,1
ylaB,13,G5,-1,pdeB,pdeB,NA,NA,NA,1
ylaC,13,G6,-1,ylaC,ylaC,NA,NA,NA,1
ylbE,1,G4,1,ylbE,ylbE,NA,NA,ylbE,1
ylbF,1,G5,1,NA,NA,NA,NA,NA,0
ylbG,13,G8,-1,ylbG,ylbG,NA,NA,NA,1
ylcE,3,F4,1,tfaX,tfaX,tfaX,tfaX,NA,1
yliE,15,C9,1,"pdeI,dgcI",NA,"pdeI,dgcI",pdeI-dgcI,NA,1
yliG,15,E8,-1,rimO,rimO,NA,NA,NA,1
yliI,7,E9,1,yliI,yliI,NA,NA,NA,1
ymcC,15,B2,-1,"gfcB,gfcC,gfcD",NA,"gfcB,gfcC,gfcD",gfcBCD,NA,1
ymcE,7,D12,1,"ymcE,gnsA",NA,"ymcE,gnsA",ymcE-gnsA,NA,1
ymdB,14,E9,1,"ymdB,clsC",NA,"ymdB,clsC",ymdB-clsC,NA,1
ymdE,15,G7,1,ymdE,ymdE,NA,NA,NA,1
ymfE,13,A6,-1,"ymfE,ymfD",NA,"ymfE,ymfD",ymfED,NA,1
ymfI,15,G10,1,ymfI,ymfI,NA,NA,NA,1
ymgC,9,H5,NA,NA,NA,NA,NA,NA,NA
ymgE,15,G12,1,ymgE,ymgE,NA,NA,NA,1
ymjA,16,B3,-1,ymjA,ymjA,NA,NA,NA,1
ynaI,15,F1,-1,ynaI,ynaI,NA,NA,NA,1
ynbA,17,H9,1,"ynbA,ynbB,ynbC,ynbD",NA,"ynbA,ynbB,ynbC,ynbD",ynbABCD,NA,1
yncA,17,D6,-1,"mnaT,ydcZ",NA,"mnaT,ydcZ",mnaT-ydcZ,NA,1
yncB,17,C9,1,curA,curA,NA,NA,NA,1
yncC,6,E11,1,mcbR,mcbR,NA,NA,NA,1
yncD,2,H3,-1,yncD,yncD,NA,NA,NA,1
yncE,3,A3,1,yncE,yncE,NA,NA,NA,1
yncG,16,G8,1,yncG,yncG,NA,NA,NA,1
yncI,15,D3,NA,NA,NA,NA,NA,NA,NA
yncJ,16,B8,-1,yncJ,yncJ,NA,NA,NA,1
yneE,16,E12,-1,yneE,yneE,NA,NA,NA,1
yneF,17,F9,-1,dgcF,dgcF,NA,NA,NA,1
yneH,16,F1,-1,"yneH,yneG",NA,"yneH,yneG",yneHG,NA,1
yneI,2,H4,-1,sad,sad,NA,NA,NA,1
yneJ,3,A4,1,yneJ,yneJ,NA,NA,NA,1
yneK,13,B10,1,yneK,yneK,NA,NA,NA,1
ynfA,11,C12,-1,ynfA,ynfA,NA,NA,NA,1
ynfB,4,H3,1,"ynfB,speG",NA,"ynfB,speG",ynfB-speG,NA,1
ynfC,11,D1,-1,ynfC,ynfC,NA,NA,NA,1
ynfE,6,F4,1,"ynfE,ynfF,ynfG,ynfH,dmsD",NA,"ynfE,ynfF,ynfG,ynfH,dmsD",ynfEFGH-dmsD,NA,1
ynfK,7,A7,-1,ynfK,ynfK,NA,NA,ynfK,1
ynfL,16,D2,-1,ynfL,ynfL,NA,NA,NA,1
ynfM,15,H3,1,ynfM,ynfM,NA,NA,NA,1
yniA,16,E9,1,yniA,yniA,NA,NA,NA,1
yniC,10,F7,1,yniC,yniC,NA,NA,NA,1
ynjF,4,F6,-1,ynjF,ynjF,NA,NA,NA,1
yoaA,4,F9,-1,yoaA,yoaA,NA,NA,NA,1
yoaB,10,F12,1,yoaB,yoaB,NA,NA,NA,1
yoaD,21,A1,1,pdeD,pdeD,NA,NA,NA,1
yoaE,17,D10,-1,yoaE,yoaE,NA,NA,NA,1
yoaF,4,F8,-1,yoaF,yoaF,NA,NA,NA,1
yoaH,7,H5,-1,yoaH,yoaH,NA,NA,NA,1
yobF,11,B7,-1,"yobF,cspC",NA,"yobF,cspC",yobF-cspC,NA,1
yodB,5,B6,1,yodB,yodB,NA,NA,NA,1
yohC,10,D12,-1,yohC,yohC,NA,NA,NA,1
yohD,9,H10,1,yohD,yohD,NA,NA,NA,1
yohJ,9,H11,1,"yohJ,yohK",NA,"yohJ,yohK",yohJK,NA,1
yohL,4,F12,-1,rcnR,rcnR,NA,NA,NA,1
yohM,10,G3,1,"rcnA,rcnB",NA,"rcnA,rcnB",rcnAB,NA,1
yojI,14,D1,-1,yojI,yojI,NA,NA,NA,1
ypdA,3,A8,1,"ypdA,ypdB,ypdC",NA,"ypdA,ypdB,ypdC",ypdABC,NA,1
ypeA,19,B6,-1,"ypeA,yfeZ",NA,"ypeA,yfeZ",ypeA-yfeZ,NA,1
ypfG,10,D2,-1,ypfG,ypfG,NA,NA,NA,1
ypfH,10,D4,-1,ypfH,ypfH,NA,NA,NA,1
ypfJ,10,D5,-1,"ypfJ,tmcA",NA,"ypfJ,tmcA",ypfJ-tmcA,NA,1
yphF,14,H12,-1,"yphF,yphE,yphD",NA,"yphF,yphE,yphD",yphFED,NA,1
yphG,19,C12,-1,yphG,yphG,NA,NA,NA,1
yphH,19,D9,1,yphH,yphH,NA,NA,NA,1
ypjA,10,A7,-1,ypjA,ypjA,NA,NA,NA,1
ypjB,10,H12,NA,NA,NA,NA,NA,NA,NA
ypjD,13,E6,1,ypjD,ypjD,NA,NA,NA,1
yqaB,10,A9,-1,NA,NA,NA,NA,NA,3
yqaC,5,D3,1,NA,NA,NA,NA,NA,1
yqaD,17,C7,1,NA,NA,NA,NA,NA,1
yqaE,19,D3,-1,"yqaE,kbp",NA,"yqaE,kbp",yqaE-kbp,NA,1
yqcD,13,E7,1,queF,queF,NA,NA,NA,1
yqcE,19,E3,1,"yqcE,ygcE",NA,"yqcE,ygcE",yqcE-ygcE,NA,1
yqeG,16,G12,1,yqeG,yqeG,NA,NA,NA,1
yqeH,11,A10,1,yqeH,yqeH,NA,NA,NA,1
yqeI,5,D5,1,"yqeI,yqeJ",NA,"yqeI,yqeJ",yqeIJ,NA,1
yqeK,19,D7,-1,yqeK,yqeK,NA,NA,NA,1
yqfA,6,D11,-1,yqfA,yqfA,NA,NA,NA,1
yqgA,6,G10,1,yqgA,yqgA,NA,NA,NA,1
yqgD,5,F8,-1,yqgD,yqgD,NA,NA,NA,1
yqhH,16,B1,1,yqhH,yqhH,NA,NA,NA,1
yqiC,18,B7,1,yqiC,yqiC,NA,NA,NA,1
yqiJ,8,G11,1,"yqiJ,yqiK",NA,"yqiJ,yqiK",yqiJK,NA,1
yqjC,2,G11,1,"yqjC,yqjD,yqjE,yqjK",NA,"yqjC,yqjD,yqjE,yqjK",yqjCDEK,NA,1
yqjF,2,F2,1,yqjF,yqjF,NA,NA,NA,1
yqjG,2,F4,1,yqjG,yqjG,NA,NA,NA,1
yqjH,9,E1,-1,yqjH,yqjH,NA,NA,NA,1
yqjI,8,G6,1,yqjI,yqjI,NA,NA,NA,1
yraL,8,E9,-1,rsmI,rsmI,NA,NA,NA,1
yraM,7,H11,1,lpoA,lpoA,NA,NA,NA,1
yraQ,9,B10,-1,yraQ,yraQ,NA,NA,NA,1
yraR,8,E10,-1,yraR,yraR,NA,NA,NA,1
yrbA,12,C4,-1,"ibaG,murA",NA,"ibaG,murA",ibaG-murA,murA,1
yrbF,14,G12,-1,"mlaF,mlaE,mlaD,mlaC,mlaB",NA,"mlaF,mlaE,mlaD,mlaC,mlaB",mlaFEDCB,NA,1
yrbG,14,B11,1,"yrbG,kdsD,kdsC,lptC,lptA,lptB,rpoN,hpf,ptsN,rapZ,npr",NA,"yrbG,kdsD,kdsC,lptC,lptA,lptB,rpoN,hpf,ptsN,rapZ,npr",yrbG-kdsDC-lptCAB-rpoN-hpf-ptsN-rapZ-npr,NA,1
yrbL,3,C8,1,yrbL,yrbL,NA,NA,NA,1
yrfF,3,E6,1,yrfF,yrfF,NA,NA,NA,1
ysgA,5,F2,-1,ysgA,ysgA,NA,NA,NA,1
ytfB,9,F6,-1,ytfB,ytfB,NA,NA,NA,1
ytfE,3,H3,-1,ytfE,ytfE,NA,NA,NA,1
ytfF,3,H4,-1,ytfF,ytfF,NA,NA,NA,1
ytfI,18,G9,1,ytfI,ytfI,NA,NA,NA,1
ytfL,3,H5,-1,ytfL,ytfL,NA,NA,NA,1
ytfM,8,H10,1,"tamA,tamB,ytfP",NA,"tamA,tamB,ytfP",tamAB-ytfP,NA,1
ytfQ,15,E4,1,"ytfQ,ytfR,ytfT,yjfF",NA,"ytfQ,ytfR,ytfT,yjfF",ytfQRT-yjfF,ytfR,1
ytfR,14,E7,1,ytfR,ytfR,NA,NA,ytfR,1
ytjB,1,D12,-1,"ytjB,lplA",NA,"ytjB,lplA",ytjB-lplA,NA,1
yzgL,4,D6,-1,yzgL,yzgL,NA,NA,NA,1
zitB,14,H6,-1,zitB,zitB,NA,NA,NA,1
zntA,16,H10,1,zntA,zntA,NA,NA,NA,1
znuA,14,G10,-1,znuA,znuA,NA,NA,NA,1
znuC,14,B9,1,"znuC,znuB",NA,"znuC,znuB",znuCB,NA,1
zraP,4,B10,-1,zraP,zraP,NA,NA,NA,1
zraS,3,F11,1,"zraS,zraR",NA,"zraS,zraR",zraSR,NA,1
zupT,8,G4,1,zupT,zupT,NA,NA,NA,1